pair_id,project_a_id,project_a_utility,project_a_name,project_a_type,project_a_status,project_a_voltage_min_kv,project_a_voltage_max_kv,project_a_voltage_label,project_a_start,project_a_construction_start,project_a_end,project_a_date_precision,project_a_in_service_year,project_a_from_substation,project_a_to_substation,project_a_from_lat,project_a_from_lon,project_a_to_lat,project_a_to_lon,project_a_mid_lat,project_a_mid_lon,project_a_geometry_type,project_a_location_method,project_a_location_confidence,project_b_id,project_b_utility,project_b_name,project_b_type,project_b_status,project_b_voltage_min_kv,project_b_voltage_max_kv,project_b_voltage_label,project_b_start,project_b_construction_start,project_b_end,project_b_date_precision,project_b_in_service_year,project_b_from_substation,project_b_to_substation,project_b_from_lat,project_b_from_lon,project_b_to_lat,project_b_to_lon,project_b_mid_lat,project_b_mid_lon,project_b_geometry_type,project_b_location_method,project_b_location_confidence,geography_available_both,geography_available,geography_point_count_a,geography_point_count_b,minimum_endpoint_distance_miles,project_a_nearest_endpoint,project_b_nearest_endpoint,pair_geography_confidence,geographic_score,geographic_reason,temporal_data_available,temporal_precision,schedule_overlap,schedule_overlap_months,same_active_year,year_difference,temporal_score,temporal_reason,text_similarity_available,text_similarity_raw,text_similarity_score,shared_text_terms,project_type_similarity,voltage_similarity,infrastructure_similarity_available,infrastructure_similarity,similarity_confidence
DUKE-P0017__TECO-66833,DUKE-P0017,Duke Energy Florida,Archer Reliability Upgrade Projects,transmission_upgrade,,230,230,,,,,,,Archer,Newberry / Haile Tap,29.557945,-82.505377,29.669628,-82.594321,29.6137865,-82.549849,approximate_corridor,exact_substation_endpoints,HIGH,TECO-66833,Tampa Electric,Transmission Upgrades-69 kV-66833,transmission_upgrade,,69.0,69.0,69 kV,2026-01-01,2026-01-01,2026-12-31,month,,,,,,,,,,,unknown,UNKNOWN,False,False,2,0,,,,UNKNOWN,,Insufficient location data to estimate distance between these projects.,False,unknown,,,,,,Insufficient schedule information to compare timing.,True,0.1937,19.37,upgrade; transmission,100,15,True,65.0,HIGH
DUKE-P0017__TECO-230037,DUKE-P0017,Duke Energy Florida,Archer Reliability Upgrade Projects,transmission_upgrade,,230,230,,,,,,,Archer,Newberry / Haile Tap,29.557945,-82.505377,29.669628,-82.594321,29.6137865,-82.549849,approximate_corridor,exact_substation_endpoints,HIGH,TECO-230037,Tampa Electric,Transmission Upgrades-138/230 kV-230037,transmission_upgrade,,138.0,230.0,138/230 kV,2026-01-01,2026-01-01,2026-12-31,month,,Gannon,Juneau,27.93806919700006,-82.44013826299994,28.02284274300007,-82.48101535599994,27.980455970000065,-82.46057680949994,approximate_corridor,exact_substation_endpoints,HIGH,True,True,2,2,106.08,origin,destination,HIGH,0.0,Known project endpoints are approximately 106.1 miles apart (Duke's Archer and TECO's Juneau).,False,unknown,,,,,,Insufficient schedule information to compare timing.,True,0.1631,16.31,upgrade; transmission,100,100,True,100.0,HIGH
DUKE-P0017__TECO-66653,DUKE-P0017,Duke Energy Florida,Archer Reliability Upgrade Projects,transmission_upgrade,,230,230,,,,,,,Archer,Newberry / Haile Tap,29.557945,-82.505377,29.669628,-82.594321,29.6137865,-82.549849,approximate_corridor,exact_substation_endpoints,HIGH,TECO-66653,Tampa Electric,Transmission Upgrades-69 kV-66653,transmission_upgrade,,69.0,69.0,69 kV,2026-01-01,2026-01-01,2026-12-31,month,,South Eloise,Sandhill,27.98724072400006,-81.74407045999999,,,27.98724072400006,-81.74407045999999,point,single_substation,MEDIUM,True,True,2,1,117.91,origin,origin,MEDIUM,0.0,Known project endpoints are approximately 117.9 miles apart (Duke's Archer and TECO's South Eloise).,False,unknown,,,,,,Insufficient schedule information to compare timing.,True,0.1937,19.37,upgrade; transmission,100,15,True,65.0,HIGH
DUKE-P0017__TECO-66004,DUKE-P0017,Duke Energy Florida,Archer Reliability Upgrade Projects,transmission_upgrade,,230,230,,,,,,,Archer,Newberry / Haile Tap,29.557945,-82.505377,29.669628,-82.594321,29.6137865,-82.549849,approximate_corridor,exact_substation_endpoints,HIGH,TECO-66004,Tampa Electric,Transmission Upgrades-69 kV-66004,transmission_upgrade,,69.0,69.0,69 kV,2026-01-01,2026-01-01,2026-12-31,month,,,,,,,,,,,unknown,UNKNOWN,False,False,2,0,,,,UNKNOWN,,Insufficient location data to estimate distance between these projects.,False,unknown,,,,,,Insufficient schedule information to compare timing.,True,0.1937,19.37,upgrade; transmission,100,15,True,65.0,HIGH
DUKE-P0017__TECO-66655,DUKE-P0017,Duke Energy Florida,Archer Reliability Upgrade Projects,transmission_upgrade,,230,230,,,,,,,Archer,Newberry / Haile Tap,29.557945,-82.505377,29.669628,-82.594321,29.6137865,-82.549849,approximate_corridor,exact_substation_endpoints,HIGH,TECO-66655,Tampa Electric,Transmission Upgrades-69 kV-66655,transmission_upgrade,,69.0,69.0,69 kV,2026-01-01,2026-01-01,2026-12-31,month,,,,,,,,,,,unknown,UNKNOWN,False,False,2,0,,,,UNKNOWN,,Insufficient location data to estimate distance between these projects.,False,unknown,,,,,,Insufficient schedule information to compare timing.,True,0.1937,19.37,upgrade; transmission,100,15,True,65.0,HIGH
DUKE-P0017__TECO-66831,DUKE-P0017,Duke Energy Florida,Archer Reliability Upgrade Projects,transmission_upgrade,,230,230,,,,,,,Archer,Newberry / Haile Tap,29.557945,-82.505377,29.669628,-82.594321,29.6137865,-82.549849,approximate_corridor,exact_substation_endpoints,HIGH,TECO-66831,Tampa Electric,Transmission Upgrades-69 kV-66831,transmission_upgrade,,69.0,69.0,69 kV,2026-01-01,2026-01-01,2026-12-31,month,,,,,,,,,,,unknown,UNKNOWN,False,False,2,0,,,,UNKNOWN,,Insufficient location data to estimate distance between these projects.,False,unknown,,,,,,Insufficient schedule information to compare timing.,True,0.1937,19.37,upgrade; transmission,100,15,True,65.0,HIGH
DUKE-P0017__TECO-66651,DUKE-P0017,Duke Energy Florida,Archer Reliability Upgrade Projects,transmission_upgrade,,230,230,,,,,,,Archer,Newberry / Haile Tap,29.557945,-82.505377,29.669628,-82.594321,29.6137865,-82.549849,approximate_corridor,exact_substation_endpoints,HIGH,TECO-66651,Tampa Electric,Transmission Upgrades-69 kV-66651,transmission_upgrade,,69.0,69.0,69 kV,2026-01-01,2026-01-01,2026-12-31,month,,,,,,,,,,,unknown,UNKNOWN,False,False,2,0,,,,UNKNOWN,,Insufficient location data to estimate distance between these projects.,False,unknown,,,,,,Insufficient schedule information to compare timing.,True,0.1937,19.37,upgrade; transmission,100,15,True,65.0,HIGH
DUKE-P0017__TECO-66058,DUKE-P0017,Duke Energy Florida,Archer Reliability Upgrade Projects,transmission_upgrade,,230,230,,,,,,,Archer,Newberry / Haile Tap,29.557945,-82.505377,29.669628,-82.594321,29.6137865,-82.549849,approximate_corridor,exact_substation_endpoints,HIGH,TECO-66058,Tampa Electric,Transmission Upgrades-69 kV-66058,transmission_upgrade,,69.0,69.0,69 kV,2026-01-01,2026-01-01,2026-12-31,month,,,,,,,,,,,unknown,UNKNOWN,False,False,2,0,,,,UNKNOWN,,Insufficient location data to estimate distance between these projects.,False,unknown,,,,,,Insufficient schedule information to compare timing.,True,0.1937,19.37,upgrade; transmission,100,15,True,65.0,HIGH
DUKE-P0017__TECO-66012,DUKE-P0017,Duke Energy Florida,Archer Reliability Upgrade Projects,transmission_upgrade,,230,230,,,,,,,Archer,Newberry / Haile Tap,29.557945,-82.505377,29.669628,-82.594321,29.6137865,-82.549849,approximate_corridor,exact_substation_endpoints,HIGH,TECO-66012,Tampa Electric,Transmission Upgrades-69 kV-66012,transmission_upgrade,,69.0,69.0,69 kV,2026-01-01,2026-01-01,2026-12-31,month,,,,,,,,,,,unknown,UNKNOWN,False,False,2,0,,,,UNKNOWN,,Insufficient location data to estimate distance between these projects.,False,unknown,,,,,,Insufficient schedule information to compare timing.,True,0.1937,19.37,upgrade; transmission,100,15,True,65.0,HIGH
DUKE-P0017__TECO-138005,DUKE-P0017,Duke Energy Florida,Archer Reliability Upgrade Projects,transmission_upgrade,,230,230,,,,,,,Archer,Newberry / Haile Tap,29.557945,-82.505377,29.669628,-82.594321,29.6137865,-82.549849,approximate_corridor,exact_substation_endpoints,HIGH,TECO-138005,Tampa Electric,Transmission Upgrades-138/230 kV-138005,transmission_upgrade,,138.0,230.0,138/230 kV,2026-01-01,2026-01-01,2026-12-31,month,,Ohio,Clearview,27.977163463000068,-82.49816320399998,27.954757651000023,-82.50206661099998,27.965960557000045,-82.50011490749998,approximate_corridor,exact_substation_endpoints,HIGH,True,True,2,2,109.22,origin,origin,HIGH,0.0,Known project endpoints are approximately 109.2 miles apart (Duke's Archer and TECO's Ohio).,False,unknown,,,,,,Insufficient schedule information to compare timing.,True,0.1631,16.31,upgrade; transmission,100,100,True,100.0,HIGH
DUKE-P0017__TECO-66835,DUKE-P0017,Duke Energy Florida,Archer Reliability Upgrade Projects,transmission_upgrade,,230,230,,,,,,,Archer,Newberry / Haile Tap,29.557945,-82.505377,29.669628,-82.594321,29.6137865,-82.549849,approximate_corridor,exact_substation_endpoints,HIGH,TECO-66835,Tampa Electric,Transmission Upgrades-69 kV-66835,transmission_upgrade,,69.0,69.0,69 kV,2026-01-01,2026-01-01,2026-12-31,month,,,,,,,,,,,unknown,UNKNOWN,False,False,2,0,,,,UNKNOWN,,Insufficient location data to estimate distance between these projects.,False,unknown,,,,,,Insufficient schedule information to compare timing.,True,0.1937,19.37,upgrade; transmission,100,15,True,65.0,HIGH
DUKE-P0017__TECO-SUB-first-street,DUKE-P0017,Duke Energy Florida,Archer Reliability Upgrade Projects,transmission_upgrade,,230,230,,,,,,,Archer,Newberry / Haile Tap,29.557945,-82.505377,29.669628,-82.594321,29.6137865,-82.549849,approximate_corridor,exact_substation_endpoints,HIGH,TECO-SUB-first-street,Tampa Electric,Substation Extreme Weather Hardening - First Street,substation_hardening,,,,,2026-01-01,2026-06-01,2026-10-31,month,,First Street,,,,,,,,,unknown,UNKNOWN,False,False,2,0,,,,UNKNOWN,,Insufficient location data to estimate distance between these projects.,False,unknown,,,,,,Insufficient schedule information to compare timing.,True,0.0,0.0,,0,,True,0.0,MEDIUM
DUKE-P0017__TECO-SUB-skyway,DUKE-P0017,Duke Energy Florida,Archer Reliability Upgrade Projects,transmission_upgrade,,230,230,,,,,,,Archer,Newberry / Haile Tap,29.557945,-82.505377,29.669628,-82.594321,29.6137865,-82.549849,approximate_corridor,exact_substation_endpoints,HIGH,TECO-SUB-skyway,Tampa Electric,Substation Extreme Weather Hardening - Skyway,substation_hardening,,,,,2026-01-01,2026-06-01,2026-10-31,month,,Skyway,,27.977115643000047,-82.55019121599997,,,27.977115643000047,-82.55019121599997,point,single_substation,HIGH,True,True,2,1,109.26,origin,origin,HIGH,0.0,Known project endpoints are approximately 109.3 miles apart (Duke's Archer and TECO's Skyway).,False,unknown,,,,,,Insufficient schedule information to compare timing.,True,0.0,0.0,,0,,True,0.0,MEDIUM
DUKE-P0017__TECO-SUB-lake-agnes,DUKE-P0017,Duke Energy Florida,Archer Reliability Upgrade Projects,transmission_upgrade,,230,230,,,,,,,Archer,Newberry / Haile Tap,29.557945,-82.505377,29.669628,-82.594321,29.6137865,-82.549849,approximate_corridor,exact_substation_endpoints,HIGH,TECO-SUB-lake-agnes,Tampa Electric,Substation Extreme Weather Hardening - Lake Agnes,substation_hardening,,,,,2026-01-01,2026-06-01,2026-08-31,month,,Lake Agnes,,28.15503006600005,-81.82700854499996,,,28.15503006600005,-81.82700854499996,point,single_substation,HIGH,True,True,2,1,105.27,origin,origin,HIGH,0.0,Known project endpoints are approximately 105.3 miles apart (Duke's Archer and TECO's Lake Agnes).,False,unknown,,,,,,Insufficient schedule information to compare timing.,True,0.0,0.0,,0,,True,0.0,MEDIUM
DUKE-P0017__TECO-SUB-trout-creek,DUKE-P0017,Duke Energy Florida,Archer Reliability Upgrade Projects,transmission_upgrade,,230,230,,,,,,,Archer,Newberry / Haile Tap,29.557945,-82.505377,29.669628,-82.594321,29.6137865,-82.549849,approximate_corridor,exact_substation_endpoints,HIGH,TECO-SUB-trout-creek,Tampa Electric,Substation Extreme Weather Hardening - Trout Creek,substation_hardening,,,,,2026-01-01,2026-04-01,2026-07-31,month,,Trout Creek,,,,,,,,,unknown,UNKNOWN,False,False,2,0,,,,UNKNOWN,,Insufficient location data to estimate distance between these projects.,False,unknown,,,,,,Insufficient schedule information to compare timing.,True,0.0,0.0,,0,,True,0.0,MEDIUM
DUKE-P0017__TECO-SUB-estuary,DUKE-P0017,Duke Energy Florida,Archer Reliability Upgrade Projects,transmission_upgrade,,230,230,,,,,,,Archer,Newberry / Haile Tap,29.557945,-82.505377,29.669628,-82.594321,29.6137865,-82.549849,approximate_corridor,exact_substation_endpoints,HIGH,TECO-SUB-estuary,Tampa Electric,Substation Extreme Weather Hardening - Estuary,substation_hardening,,,,,2026-01-01,2026-06-01,2026-08-31,month,,Estuary,,,,,,,,,unknown,UNKNOWN,False,False,2,0,,,,UNKNOWN,,Insufficient location data to estimate distance between these projects.,False,unknown,,,,,,Insufficient schedule information to compare timing.,True,0.0,0.0,,0,,True,0.0,MEDIUM
DUKE-P0062__TECO-66833,DUKE-P0062,Duke Energy Florida,"Brooksville West, Mondon Hill, Bushnell East",transmission_upgrade,Construction,115,230,,,,,year,2025.0,Brooksville West,Bushnell East,28.527853,-82.500611,28.671774,-82.099225,28.5998135,-82.299918,approximate_corridor,exact_substation_endpoints,HIGH,TECO-66833,Tampa Electric,Transmission Upgrades-69 kV-66833,transmission_upgrade,,69.0,69.0,69 kV,2026-01-01,2026-01-01,2026-12-31,month,,,,,,,,,,,unknown,UNKNOWN,False,False,2,0,,,,UNKNOWN,,Insufficient location data to estimate distance between these projects.,True,mixed,,,False,1.0,50.0,Available project schedules differ by about 1 year.,True,0.0996,9.96,transmission; upgrade,100,70,True,87.65,HIGH
DUKE-P0062__TECO-230037,DUKE-P0062,Duke Energy Florida,"Brooksville West, Mondon Hill, Bushnell East",transmission_upgrade,Construction,115,230,,,,,year,2025.0,Brooksville West,Bushnell East,28.527853,-82.500611,28.671774,-82.099225,28.5998135,-82.299918,approximate_corridor,exact_substation_endpoints,HIGH,TECO-230037,Tampa Electric,Transmission Upgrades-138/230 kV-230037,transmission_upgrade,,138.0,230.0,138/230 kV,2026-01-01,2026-01-01,2026-12-31,month,,Gannon,Juneau,27.93806919700006,-82.44013826299994,28.02284274300007,-82.48101535599994,27.980455970000065,-82.46057680949994,approximate_corridor,exact_substation_endpoints,HIGH,True,True,2,2,34.91,origin,destination,HIGH,50.0,Known project endpoints are approximately 34.9 miles apart (Duke's Brooksville West and TECO's Juneau).,True,mixed,,,False,1.0,50.0,Available project schedules differ by about 1 year.,True,0.0839,8.39,transmission; upgrade,100,100,True,100.0,HIGH
DUKE-P0062__TECO-66653,DUKE-P0062,Duke Energy Florida,"Brooksville West, Mondon Hill, Bushnell East",transmission_upgrade,Construction,115,230,,,,,year,2025.0,Brooksville West,Bushnell East,28.527853,-82.500611,28.671774,-82.099225,28.5998135,-82.299918,approximate_corridor,exact_substation_endpoints,HIGH,TECO-66653,Tampa Electric,Transmission Upgrades-69 kV-66653,transmission_upgrade,,69.0,69.0,69 kV,2026-01-01,2026-01-01,2026-12-31,month,,South Eloise,Sandhill,27.98724072400006,-81.74407045999999,,,27.98724072400006,-81.74407045999999,point,single_substation,MEDIUM,True,True,2,1,52.0,destination,origin,MEDIUM,20.0,Known project endpoints are approximately 52.0 miles apart (Duke's Bushnell East and TECO's South Eloise).,True,mixed,,,False,1.0,50.0,Available project schedules differ by about 1 year.,True,0.0996,9.96,transmission; upgrade,100,70,True,87.65,HIGH
DUKE-P0062__TECO-66004,DUKE-P0062,Duke Energy Florida,"Brooksville West, Mondon Hill, Bushnell East",transmission_upgrade,Construction,115,230,,,,,year,2025.0,Brooksville West,Bushnell East,28.527853,-82.500611,28.671774,-82.099225,28.5998135,-82.299918,approximate_corridor,exact_substation_endpoints,HIGH,TECO-66004,Tampa Electric,Transmission Upgrades-69 kV-66004,transmission_upgrade,,69.0,69.0,69 kV,2026-01-01,2026-01-01,2026-12-31,month,,,,,,,,,,,unknown,UNKNOWN,False,False,2,0,,,,UNKNOWN,,Insufficient location data to estimate distance between these projects.,True,mixed,,,False,1.0,50.0,Available project schedules differ by about 1 year.,True,0.0996,9.96,transmission; upgrade,100,70,True,87.65,HIGH
DUKE-P0062__TECO-66655,DUKE-P0062,Duke Energy Florida,"Brooksville West, Mondon Hill, Bushnell East",transmission_upgrade,Construction,115,230,,,,,year,2025.0,Brooksville West,Bushnell East,28.527853,-82.500611,28.671774,-82.099225,28.5998135,-82.299918,approximate_corridor,exact_substation_endpoints,HIGH,TECO-66655,Tampa Electric,Transmission Upgrades-69 kV-66655,transmission_upgrade,,69.0,69.0,69 kV,2026-01-01,2026-01-01,2026-12-31,month,,,,,,,,,,,unknown,UNKNOWN,False,False,2,0,,,,UNKNOWN,,Insufficient location data to estimate distance between these projects.,True,mixed,,,False,1.0,50.0,Available project schedules differ by about 1 year.,True,0.0996,9.96,transmission; upgrade,100,70,True,87.65,HIGH
DUKE-P0062__TECO-66831,DUKE-P0062,Duke Energy Florida,"Brooksville West, Mondon Hill, Bushnell East",transmission_upgrade,Construction,115,230,,,,,year,2025.0,Brooksville West,Bushnell East,28.527853,-82.500611,28.671774,-82.099225,28.5998135,-82.299918,approximate_corridor,exact_substation_endpoints,HIGH,TECO-66831,Tampa Electric,Transmission Upgrades-69 kV-66831,transmission_upgrade,,69.0,69.0,69 kV,2026-01-01,2026-01-01,2026-12-31,month,,,,,,,,,,,unknown,UNKNOWN,False,False,2,0,,,,UNKNOWN,,Insufficient location data to estimate distance between these projects.,True,mixed,,,False,1.0,50.0,Available project schedules differ by about 1 year.,True,0.0996,9.96,transmission; upgrade,100,70,True,87.65,HIGH
DUKE-P0062__TECO-66651,DUKE-P0062,Duke Energy Florida,"Brooksville West, Mondon Hill, Bushnell East",transmission_upgrade,Construction,115,230,,,,,year,2025.0,Brooksville West,Bushnell East,28.527853,-82.500611,28.671774,-82.099225,28.5998135,-82.299918,approximate_corridor,exact_substation_endpoints,HIGH,TECO-66651,Tampa Electric,Transmission Upgrades-69 kV-66651,transmission_upgrade,,69.0,69.0,69 kV,2026-01-01,2026-01-01,2026-12-31,month,,,,,,,,,,,unknown,UNKNOWN,False,False,2,0,,,,UNKNOWN,,Insufficient location data to estimate distance between these projects.,True,mixed,,,False,1.0,50.0,Available project schedules differ by about 1 year.,True,0.0996,9.96,transmission; upgrade,100,70,True,87.65,HIGH
DUKE-P0062__TECO-66058,DUKE-P0062,Duke Energy Florida,"Brooksville West, Mondon Hill, Bushnell East",transmission_upgrade,Construction,115,230,,,,,year,2025.0,Brooksville West,Bushnell East,28.527853,-82.500611,28.671774,-82.099225,28.5998135,-82.299918,approximate_corridor,exact_substation_endpoints,HIGH,TECO-66058,Tampa Electric,Transmission Upgrades-69 kV-66058,transmission_upgrade,,69.0,69.0,69 kV,2026-01-01,2026-01-01,2026-12-31,month,,,,,,,,,,,unknown,UNKNOWN,False,False,2,0,,,,UNKNOWN,,Insufficient location data to estimate distance between these projects.,True,mixed,,,False,1.0,50.0,Available project schedules differ by about 1 year.,True,0.0996,9.96,transmission; upgrade,100,70,True,87.65,HIGH
DUKE-P0062__TECO-66012,DUKE-P0062,Duke Energy Florida,"Brooksville West, Mondon Hill, Bushnell East",transmission_upgrade,Construction,115,230,,,,,year,2025.0,Brooksville West,Bushnell East,28.527853,-82.500611,28.671774,-82.099225,28.5998135,-82.299918,approximate_corridor,exact_substation_endpoints,HIGH,TECO-66012,Tampa Electric,Transmission Upgrades-69 kV-66012,transmission_upgrade,,69.0,69.0,69 kV,2026-01-01,2026-01-01,2026-12-31,month,,,,,,,,,,,unknown,UNKNOWN,False,False,2,0,,,,UNKNOWN,,Insufficient location data to estimate distance between these projects.,True,mixed,,,False,1.0,50.0,Available project schedules differ by about 1 year.,True,0.0996,9.96,transmission; upgrade,100,70,True,87.65,HIGH
DUKE-P0062__TECO-138005,DUKE-P0062,Duke Energy Florida,"Brooksville West, Mondon Hill, Bushnell East",transmission_upgrade,Construction,115,230,,,,,year,2025.0,Brooksville West,Bushnell East,28.527853,-82.500611,28.671774,-82.099225,28.5998135,-82.299918,approximate_corridor,exact_substation_endpoints,HIGH,TECO-138005,Tampa Electric,Transmission Upgrades-138/230 kV-138005,transmission_upgrade,,138.0,230.0,138/230 kV,2026-01-01,2026-01-01,2026-12-31,month,,Ohio,Clearview,27.977163463000068,-82.49816320399998,27.954757651000023,-82.50206661099998,27.965960557000045,-82.50011490749998,approximate_corridor,exact_substation_endpoints,HIGH,True,True,2,2,38.05,origin,origin,HIGH,50.0,Known project endpoints are approximately 38.0 miles apart (Duke's Brooksville West and TECO's Ohio).,True,mixed,,,False,1.0,50.0,Available project schedules differ by about 1 year.,True,0.0839,8.39,transmission; upgrade,100,100,True,100.0,HIGH
DUKE-P0062__TECO-66835,DUKE-P0062,Duke Energy Florida,"Brooksville West, Mondon Hill, Bushnell East",transmission_upgrade,Construction,115,230,,,,,year,2025.0,Brooksville West,Bushnell East,28.527853,-82.500611,28.671774,-82.099225,28.5998135,-82.299918,approximate_corridor,exact_substation_endpoints,HIGH,TECO-66835,Tampa Electric,Transmission Upgrades-69 kV-66835,transmission_upgrade,,69.0,69.0,69 kV,2026-01-01,2026-01-01,2026-12-31,month,,,,,,,,,,,unknown,UNKNOWN,False,False,2,0,,,,UNKNOWN,,Insufficient location data to estimate distance between these projects.,True,mixed,,,False,1.0,50.0,Available project schedules differ by about 1 year.,True,0.0996,9.96,transmission; upgrade,100,70,True,87.65,HIGH
DUKE-P0062__TECO-SUB-first-street,DUKE-P0062,Duke Energy Florida,"Brooksville West, Mondon Hill, Bushnell East",transmission_upgrade,Construction,115,230,,,,,year,2025.0,Brooksville West,Bushnell East,28.527853,-82.500611,28.671774,-82.099225,28.5998135,-82.299918,approximate_corridor,exact_substation_endpoints,HIGH,TECO-SUB-first-street,Tampa Electric,Substation Extreme Weather Hardening - First Street,substation_hardening,,,,,2026-01-01,2026-06-01,2026-10-31,month,,First Street,,,,,,,,,unknown,UNKNOWN,False,False,2,0,,,,UNKNOWN,,Insufficient location data to estimate distance between these projects.,True,mixed,,,False,1.0,50.0,Available project schedules differ by about 1 year.,True,0.0,0.0,,0,,True,0.0,MEDIUM
DUKE-P0062__TECO-SUB-skyway,DUKE-P0062,Duke Energy Florida,"Brooksville West, Mondon Hill, Bushnell East",transmission_upgrade,Construction,115,230,,,,,year,2025.0,Brooksville West,Bushnell East,28.527853,-82.500611,28.671774,-82.099225,28.5998135,-82.299918,approximate_corridor,exact_substation_endpoints,HIGH,TECO-SUB-skyway,Tampa Electric,Substation Extreme Weather Hardening - Skyway,substation_hardening,,,,,2026-01-01,2026-06-01,2026-10-31,month,,Skyway,,27.977115643000047,-82.55019121599997,,,27.977115643000047,-82.55019121599997,point,single_substation,HIGH,True,True,2,1,38.17,origin,origin,HIGH,50.0,Known project endpoints are approximately 38.2 miles apart (Duke's Brooksville West and TECO's Skyway).,True,mixed,,,False,1.0,50.0,Available project schedules differ by about 1 year.,True,0.0,0.0,,0,,True,0.0,MEDIUM
DUKE-P0062__TECO-SUB-lake-agnes,DUKE-P0062,Duke Energy Florida,"Brooksville West, Mondon Hill, Bushnell East",transmission_upgrade,Construction,115,230,,,,,year,2025.0,Brooksville West,Bushnell East,28.527853,-82.500611,28.671774,-82.099225,28.5998135,-82.299918,approximate_corridor,exact_substation_endpoints,HIGH,TECO-SUB-lake-agnes,Tampa Electric,Substation Extreme Weather Hardening - Lake Agnes,substation_hardening,,,,,2026-01-01,2026-06-01,2026-08-31,month,,Lake Agnes,,28.15503006600005,-81.82700854499996,,,28.15503006600005,-81.82700854499996,point,single_substation,HIGH,True,True,2,1,39.35,destination,origin,HIGH,50.0,Known project endpoints are approximately 39.3 miles apart (Duke's Bushnell East and TECO's Lake Agnes).,True,mixed,,,False,1.0,50.0,Available project schedules differ by about 1 year.,True,0.0,0.0,,0,,True,0.0,MEDIUM
DUKE-P0062__TECO-SUB-trout-creek,DUKE-P0062,Duke Energy Florida,"Brooksville West, Mondon Hill, Bushnell East",transmission_upgrade,Construction,115,230,,,,,year,2025.0,Brooksville West,Bushnell East,28.527853,-82.500611,28.671774,-82.099225,28.5998135,-82.299918,approximate_corridor,exact_substation_endpoints,HIGH,TECO-SUB-trout-creek,Tampa Electric,Substation Extreme Weather Hardening - Trout Creek,substation_hardening,,,,,2026-01-01,2026-04-01,2026-07-31,month,,Trout Creek,,,,,,,,,unknown,UNKNOWN,False,False,2,0,,,,UNKNOWN,,Insufficient location data to estimate distance between these projects.,True,mixed,,,False,1.0,50.0,Available project schedules differ by about 1 year.,True,0.0,0.0,,0,,True,0.0,MEDIUM
DUKE-P0062__TECO-SUB-estuary,DUKE-P0062,Duke Energy Florida,"Brooksville West, Mondon Hill, Bushnell East",transmission_upgrade,Construction,115,230,,,,,year,2025.0,Brooksville West,Bushnell East,28.527853,-82.500611,28.671774,-82.099225,28.5998135,-82.299918,approximate_corridor,exact_substation_endpoints,HIGH,TECO-SUB-estuary,Tampa Electric,Substation Extreme Weather Hardening - Estuary,substation_hardening,,,,,2026-01-01,2026-06-01,2026-08-31,month,,Estuary,,,,,,,,,unknown,UNKNOWN,False,False,2,0,,,,UNKNOWN,,Insufficient location data to estimate distance between these projects.,True,mixed,,,False,1.0,50.0,Available project schedules differ by about 1 year.,True,0.0,0.0,,0,,True,0.0,MEDIUM
DUKE-P0132__TECO-66833,DUKE-P0132,Duke Energy Florida,Disston to Largo Transmission Upgrade,transmission_upgrade,Construction,230,230,,,,,year,2027.0,Disston,Largo,27.829953,-82.704029,27.913561,-82.7728,27.871757,-82.7384145,approximate_corridor,exact_substation_endpoints,HIGH,TECO-66833,Tampa Electric,Transmission Upgrades-69 kV-66833,transmission_upgrade,,69.0,69.0,69 kV,2026-01-01,2026-01-01,2026-12-31,month,,,,,,,,,,,unknown,UNKNOWN,False,False,2,0,,,,UNKNOWN,,Insufficient location data to estimate distance between these projects.,True,mixed,,,False,1.0,50.0,Available project schedules differ by about 1 year.,True,0.2804,28.04,transmission; upgrade,100,15,True,65.0,HIGH
DUKE-P0132__TECO-230037,DUKE-P0132,Duke Energy Florida,Disston to Largo Transmission Upgrade,transmission_upgrade,Construction,230,230,,,,,year,2027.0,Disston,Largo,27.829953,-82.704029,27.913561,-82.7728,27.871757,-82.7384145,approximate_corridor,exact_substation_endpoints,HIGH,TECO-230037,Tampa Electric,Transmission Upgrades-138/230 kV-230037,transmission_upgrade,,138.0,230.0,138/230 kV,2026-01-01,2026-01-01,2026-12-31,month,,Gannon,Juneau,27.93806919700006,-82.44013826299994,28.02284274300007,-82.48101535599994,27.980455970000065,-82.46057680949994,approximate_corridor,exact_substation_endpoints,HIGH,True,True,2,2,17.76,origin,origin,HIGH,80.0,Known project endpoints are approximately 17.8 miles apart (Duke's Disston and TECO's Gannon).,True,mixed,,,False,1.0,50.0,Available project schedules differ by about 1 year.,True,0.2361,23.61,transmission; upgrade,100,100,True,100.0,HIGH
DUKE-P0132__TECO-66653,DUKE-P0132,Duke Energy Florida,Disston to Largo Transmission Upgrade,transmission_upgrade,Construction,230,230,,,,,year,2027.0,Disston,Largo,27.829953,-82.704029,27.913561,-82.7728,27.871757,-82.7384145,approximate_corridor,exact_substation_endpoints,HIGH,TECO-66653,Tampa Electric,Transmission Upgrades-69 kV-66653,transmission_upgrade,,69.0,69.0,69 kV,2026-01-01,2026-01-01,2026-12-31,month,,South Eloise,Sandhill,27.98724072400006,-81.74407045999999,,,27.98724072400006,-81.74407045999999,point,single_substation,MEDIUM,True,True,2,1,59.61,origin,origin,MEDIUM,20.0,Known project endpoints are approximately 59.6 miles apart (Duke's Disston and TECO's South Eloise).,True,mixed,,,False,1.0,50.0,Available project schedules differ by about 1 year.,True,0.2804,28.04,transmission; upgrade,100,15,True,65.0,HIGH
DUKE-P0132__TECO-66004,DUKE-P0132,Duke Energy Florida,Disston to Largo Transmission Upgrade,transmission_upgrade,Construction,230,230,,,,,year,2027.0,Disston,Largo,27.829953,-82.704029,27.913561,-82.7728,27.871757,-82.7384145,approximate_corridor,exact_substation_endpoints,HIGH,TECO-66004,Tampa Electric,Transmission Upgrades-69 kV-66004,transmission_upgrade,,69.0,69.0,69 kV,2026-01-01,2026-01-01,2026-12-31,month,,,,,,,,,,,unknown,UNKNOWN,False,False,2,0,,,,UNKNOWN,,Insufficient location data to estimate distance between these projects.,True,mixed,,,False,1.0,50.0,Available project schedules differ by about 1 year.,True,0.2804,28.04,transmission; upgrade,100,15,True,65.0,HIGH
DUKE-P0132__TECO-66655,DUKE-P0132,Duke Energy Florida,Disston to Largo Transmission Upgrade,transmission_upgrade,Construction,230,230,,,,,year,2027.0,Disston,Largo,27.829953,-82.704029,27.913561,-82.7728,27.871757,-82.7384145,approximate_corridor,exact_substation_endpoints,HIGH,TECO-66655,Tampa Electric,Transmission Upgrades-69 kV-66655,transmission_upgrade,,69.0,69.0,69 kV,2026-01-01,2026-01-01,2026-12-31,month,,,,,,,,,,,unknown,UNKNOWN,False,False,2,0,,,,UNKNOWN,,Insufficient location data to estimate distance between these projects.,True,mixed,,,False,1.0,50.0,Available project schedules differ by about 1 year.,True,0.2804,28.04,transmission; upgrade,100,15,True,65.0,HIGH
DUKE-P0132__TECO-66831,DUKE-P0132,Duke Energy Florida,Disston to Largo Transmission Upgrade,transmission_upgrade,Construction,230,230,,,,,year,2027.0,Disston,Largo,27.829953,-82.704029,27.913561,-82.7728,27.871757,-82.7384145,approximate_corridor,exact_substation_endpoints,HIGH,TECO-66831,Tampa Electric,Transmission Upgrades-69 kV-66831,transmission_upgrade,,69.0,69.0,69 kV,2026-01-01,2026-01-01,2026-12-31,month,,,,,,,,,,,unknown,UNKNOWN,False,False,2,0,,,,UNKNOWN,,Insufficient location data to estimate distance between these projects.,True,mixed,,,False,1.0,50.0,Available project schedules differ by about 1 year.,True,0.2804,28.04,transmission; upgrade,100,15,True,65.0,HIGH
DUKE-P0132__TECO-66651,DUKE-P0132,Duke Energy Florida,Disston to Largo Transmission Upgrade,transmission_upgrade,Construction,230,230,,,,,year,2027.0,Disston,Largo,27.829953,-82.704029,27.913561,-82.7728,27.871757,-82.7384145,approximate_corridor,exact_substation_endpoints,HIGH,TECO-66651,Tampa Electric,Transmission Upgrades-69 kV-66651,transmission_upgrade,,69.0,69.0,69 kV,2026-01-01,2026-01-01,2026-12-31,month,,,,,,,,,,,unknown,UNKNOWN,False,False,2,0,,,,UNKNOWN,,Insufficient location data to estimate distance between these projects.,True,mixed,,,False,1.0,50.0,Available project schedules differ by about 1 year.,True,0.2804,28.04,transmission; upgrade,100,15,True,65.0,HIGH
DUKE-P0132__TECO-66058,DUKE-P0132,Duke Energy Florida,Disston to Largo Transmission Upgrade,transmission_upgrade,Construction,230,230,,,,,year,2027.0,Disston,Largo,27.829953,-82.704029,27.913561,-82.7728,27.871757,-82.7384145,approximate_corridor,exact_substation_endpoints,HIGH,TECO-66058,Tampa Electric,Transmission Upgrades-69 kV-66058,transmission_upgrade,,69.0,69.0,69 kV,2026-01-01,2026-01-01,2026-12-31,month,,,,,,,,,,,unknown,UNKNOWN,False,False,2,0,,,,UNKNOWN,,Insufficient location data to estimate distance between these projects.,True,mixed,,,False,1.0,50.0,Available project schedules differ by about 1 year.,True,0.2804,28.04,transmission; upgrade,100,15,True,65.0,HIGH
DUKE-P0132__TECO-66012,DUKE-P0132,Duke Energy Florida,Disston to Largo Transmission Upgrade,transmission_upgrade,Construction,230,230,,,,,year,2027.0,Disston,Largo,27.829953,-82.704029,27.913561,-82.7728,27.871757,-82.7384145,approximate_corridor,exact_substation_endpoints,HIGH,TECO-66012,Tampa Electric,Transmission Upgrades-69 kV-66012,transmission_upgrade,,69.0,69.0,69 kV,2026-01-01,2026-01-01,2026-12-31,month,,,,,,,,,,,unknown,UNKNOWN,False,False,2,0,,,,UNKNOWN,,Insufficient location data to estimate distance between these projects.,True,mixed,,,False,1.0,50.0,Available project schedules differ by about 1 year.,True,0.2804,28.04,transmission; upgrade,100,15,True,65.0,HIGH
DUKE-P0132__TECO-138005,DUKE-P0132,Duke Energy Florida,Disston to Largo Transmission Upgrade,transmission_upgrade,Construction,230,230,,,,,year,2027.0,Disston,Largo,27.829953,-82.704029,27.913561,-82.7728,27.871757,-82.7384145,approximate_corridor,exact_substation_endpoints,HIGH,TECO-138005,Tampa Electric,Transmission Upgrades-138/230 kV-138005,transmission_upgrade,,138.0,230.0,138/230 kV,2026-01-01,2026-01-01,2026-12-31,month,,Ohio,Clearview,27.977163463000068,-82.49816320399998,27.954757651000023,-82.50206661099998,27.965960557000045,-82.50011490749998,approximate_corridor,exact_substation_endpoints,HIGH,True,True,2,2,15.05,origin,destination,HIGH,80.0,Known project endpoints are approximately 15.0 miles apart (Duke's Disston and TECO's Clearview).,True,mixed,,,False,1.0,50.0,Available project schedules differ by about 1 year.,True,0.2361,23.61,transmission; upgrade,100,100,True,100.0,HIGH
DUKE-P0132__TECO-66835,DUKE-P0132,Duke Energy Florida,Disston to Largo Transmission Upgrade,transmission_upgrade,Construction,230,230,,,,,year,2027.0,Disston,Largo,27.829953,-82.704029,27.913561,-82.7728,27.871757,-82.7384145,approximate_corridor,exact_substation_endpoints,HIGH,TECO-66835,Tampa Electric,Transmission Upgrades-69 kV-66835,transmission_upgrade,,69.0,69.0,69 kV,2026-01-01,2026-01-01,2026-12-31,month,,,,,,,,,,,unknown,UNKNOWN,False,False,2,0,,,,UNKNOWN,,Insufficient location data to estimate distance between these projects.,True,mixed,,,False,1.0,50.0,Available project schedules differ by about 1 year.,True,0.2804,28.04,transmission; upgrade,100,15,True,65.0,HIGH
DUKE-P0132__TECO-SUB-first-street,DUKE-P0132,Duke Energy Florida,Disston to Largo Transmission Upgrade,transmission_upgrade,Construction,230,230,,,,,year,2027.0,Disston,Largo,27.829953,-82.704029,27.913561,-82.7728,27.871757,-82.7384145,approximate_corridor,exact_substation_endpoints,HIGH,TECO-SUB-first-street,Tampa Electric,Substation Extreme Weather Hardening - First Street,substation_hardening,,,,,2026-01-01,2026-06-01,2026-10-31,month,,First Street,,,,,,,,,unknown,UNKNOWN,False,False,2,0,,,,UNKNOWN,,Insufficient location data to estimate distance between these projects.,True,mixed,,,False,1.0,50.0,Available project schedules differ by about 1 year.,True,0.0,0.0,,0,,True,0.0,MEDIUM
DUKE-P0132__TECO-SUB-skyway,DUKE-P0132,Duke Energy Florida,Disston to Largo Transmission Upgrade,transmission_upgrade,Construction,230,230,,,,,year,2027.0,Disston,Largo,27.829953,-82.704029,27.913561,-82.7728,27.871757,-82.7384145,approximate_corridor,exact_substation_endpoints,HIGH,TECO-SUB-skyway,Tampa Electric,Substation Extreme Weather Hardening - Skyway,substation_hardening,,,,,2026-01-01,2026-06-01,2026-10-31,month,,Skyway,,27.977115643000047,-82.55019121599997,,,27.977115643000047,-82.55019121599997,point,single_substation,HIGH,True,True,2,1,13.84,origin,origin,HIGH,80.0,Known project endpoints are approximately 13.8 miles apart (Duke's Disston and TECO's Skyway).,True,mixed,,,False,1.0,50.0,Available project schedules differ by about 1 year.,True,0.0,0.0,,0,,True,0.0,MEDIUM
DUKE-P0132__TECO-SUB-lake-agnes,DUKE-P0132,Duke Energy Florida,Disston to Largo Transmission Upgrade,transmission_upgrade,Construction,230,230,,,,,year,2027.0,Disston,Largo,27.829953,-82.704029,27.913561,-82.7728,27.871757,-82.7384145,approximate_corridor,exact_substation_endpoints,HIGH,TECO-SUB-lake-agnes,Tampa Electric,Substation Extreme Weather Hardening - Lake Agnes,substation_hardening,,,,,2026-01-01,2026-06-01,2026-08-31,month,,Lake Agnes,,28.15503006600005,-81.82700854499996,,,28.15503006600005,-81.82700854499996,point,single_substation,HIGH,True,True,2,1,58.03,origin,origin,HIGH,20.0,Known project endpoints are approximately 58.0 miles apart (Duke's Disston and TECO's Lake Agnes).,True,mixed,,,False,1.0,50.0,Available project schedules differ by about 1 year.,True,0.0,0.0,,0,,True,0.0,MEDIUM
DUKE-P0132__TECO-SUB-trout-creek,DUKE-P0132,Duke Energy Florida,Disston to Largo Transmission Upgrade,transmission_upgrade,Construction,230,230,,,,,year,2027.0,Disston,Largo,27.829953,-82.704029,27.913561,-82.7728,27.871757,-82.7384145,approximate_corridor,exact_substation_endpoints,HIGH,TECO-SUB-trout-creek,Tampa Electric,Substation Extreme Weather Hardening - Trout Creek,substation_hardening,,,,,2026-01-01,2026-04-01,2026-07-31,month,,Trout Creek,,,,,,,,,unknown,UNKNOWN,False,False,2,0,,,,UNKNOWN,,Insufficient location data to estimate distance between these projects.,True,mixed,,,False,1.0,50.0,Available project schedules differ by about 1 year.,True,0.0,0.0,,0,,True,0.0,MEDIUM
DUKE-P0132__TECO-SUB-estuary,DUKE-P0132,Duke Energy Florida,Disston to Largo Transmission Upgrade,transmission_upgrade,Construction,230,230,,,,,year,2027.0,Disston,Largo,27.829953,-82.704029,27.913561,-82.7728,27.871757,-82.7384145,approximate_corridor,exact_substation_endpoints,HIGH,TECO-SUB-estuary,Tampa Electric,Substation Extreme Weather Hardening - Estuary,substation_hardening,,,,,2026-01-01,2026-06-01,2026-08-31,month,,Estuary,,,,,,,,,unknown,UNKNOWN,False,False,2,0,,,,UNKNOWN,,Insufficient location data to estimate distance between these projects.,True,mixed,,,False,1.0,50.0,Available project schedules differ by about 1 year.,True,0.0,0.0,,0,,True,0.0,MEDIUM
DUKE-P0246__TECO-66833,DUKE-P0246,Duke Energy Florida,Marion - Levy - Alachua Reliability Projects,transmission_upgrade,Construction,230,230,,,,,year,2027.0,Archer,Silver Springs North,29.557945,-82.505377,29.229345,-82.078411,29.393645,-82.291894,approximate_corridor,exact_substation_endpoints,HIGH,TECO-66833,Tampa Electric,Transmission Upgrades-69 kV-66833,transmission_upgrade,,69.0,69.0,69 kV,2026-01-01,2026-01-01,2026-12-31,month,,,,,,,,,,,unknown,UNKNOWN,False,False,2,0,,,,UNKNOWN,,Insufficient location data to estimate distance between these projects.,True,mixed,,,False,1.0,50.0,Available project schedules differ by about 1 year.,True,0.113,11.3,transmission; upgrade,100,15,True,65.0,HIGH
DUKE-P0246__TECO-230037,DUKE-P0246,Duke Energy Florida,Marion - Levy - Alachua Reliability Projects,transmission_upgrade,Construction,230,230,,,,,year,2027.0,Archer,Silver Springs North,29.557945,-82.505377,29.229345,-82.078411,29.393645,-82.291894,approximate_corridor,exact_substation_endpoints,HIGH,TECO-230037,Tampa Electric,Transmission Upgrades-138/230 kV-230037,transmission_upgrade,,138.0,230.0,138/230 kV,2026-01-01,2026-01-01,2026-12-31,month,,Gannon,Juneau,27.93806919700006,-82.44013826299994,28.02284274300007,-82.48101535599994,27.980455970000065,-82.46057680949994,approximate_corridor,exact_substation_endpoints,HIGH,True,True,2,2,86.86,destination,destination,HIGH,20.0,Known project endpoints are approximately 86.9 miles apart (Duke's Silver Springs North and TECO's Juneau).,True,mixed,,,False,1.0,50.0,Available project schedules differ by about 1 year.,True,0.0952,9.52,transmission; upgrade,100,100,True,100.0,HIGH
DUKE-P0246__TECO-66653,DUKE-P0246,Duke Energy Florida,Marion - Levy - Alachua Reliability Projects,transmission_upgrade,Construction,230,230,,,,,year,2027.0,Archer,Silver Springs North,29.557945,-82.505377,29.229345,-82.078411,29.393645,-82.291894,approximate_corridor,exact_substation_endpoints,HIGH,TECO-66653,Tampa Electric,Transmission Upgrades-69 kV-66653,transmission_upgrade,,69.0,69.0,69 kV,2026-01-01,2026-01-01,2026-12-31,month,,South Eloise,Sandhill,27.98724072400006,-81.74407045999999,,,27.98724072400006,-81.74407045999999,point,single_substation,MEDIUM,True,True,2,1,88.18,destination,origin,MEDIUM,20.0,Known project endpoints are approximately 88.2 miles apart (Duke's Silver Springs North and TECO's South Eloise).,True,mixed,,,False,1.0,50.0,Available project schedules differ by about 1 year.,True,0.113,11.3,transmission; upgrade,100,15,True,65.0,HIGH
DUKE-P0246__TECO-66004,DUKE-P0246,Duke Energy Florida,Marion - Levy - Alachua Reliability Projects,transmission_upgrade,Construction,230,230,,,,,year,2027.0,Archer,Silver Springs North,29.557945,-82.505377,29.229345,-82.078411,29.393645,-82.291894,approximate_corridor,exact_substation_endpoints,HIGH,TECO-66004,Tampa Electric,Transmission Upgrades-69 kV-66004,transmission_upgrade,,69.0,69.0,69 kV,2026-01-01,2026-01-01,2026-12-31,month,,,,,,,,,,,unknown,UNKNOWN,False,False,2,0,,,,UNKNOWN,,Insufficient location data to estimate distance between these projects.,True,mixed,,,False,1.0,50.0,Available project schedules differ by about 1 year.,True,0.113,11.3,transmission; upgrade,100,15,True,65.0,HIGH
DUKE-P0246__TECO-66655,DUKE-P0246,Duke Energy Florida,Marion - Levy - Alachua Reliability Projects,transmission_upgrade,Construction,230,230,,,,,year,2027.0,Archer,Silver Springs North,29.557945,-82.505377,29.229345,-82.078411,29.393645,-82.291894,approximate_corridor,exact_substation_endpoints,HIGH,TECO-66655,Tampa Electric,Transmission Upgrades-69 kV-66655,transmission_upgrade,,69.0,69.0,69 kV,2026-01-01,2026-01-01,2026-12-31,month,,,,,,,,,,,unknown,UNKNOWN,False,False,2,0,,,,UNKNOWN,,Insufficient location data to estimate distance between these projects.,True,mixed,,,False,1.0,50.0,Available project schedules differ by about 1 year.,True,0.113,11.3,transmission; upgrade,100,15,True,65.0,HIGH
DUKE-P0246__TECO-66831,DUKE-P0246,Duke Energy Florida,Marion - Levy - Alachua Reliability Projects,transmission_upgrade,Construction,230,230,,,,,year,2027.0,Archer,Silver Springs North,29.557945,-82.505377,29.229345,-82.078411,29.393645,-82.291894,approximate_corridor,exact_substation_endpoints,HIGH,TECO-66831,Tampa Electric,Transmission Upgrades-69 kV-66831,transmission_upgrade,,69.0,69.0,69 kV,2026-01-01,2026-01-01,2026-12-31,month,,,,,,,,,,,unknown,UNKNOWN,False,False,2,0,,,,UNKNOWN,,Insufficient location data to estimate distance between these projects.,True,mixed,,,False,1.0,50.0,Available project schedules differ by about 1 year.,True,0.113,11.3,transmission; upgrade,100,15,True,65.0,HIGH
DUKE-P0246__TECO-66651,DUKE-P0246,Duke Energy Florida,Marion - Levy - Alachua Reliability Projects,transmission_upgrade,Construction,230,230,,,,,year,2027.0,Archer,Silver Springs North,29.557945,-82.505377,29.229345,-82.078411,29.393645,-82.291894,approximate_corridor,exact_substation_endpoints,HIGH,TECO-66651,Tampa Electric,Transmission Upgrades-69 kV-66651,transmission_upgrade,,69.0,69.0,69 kV,2026-01-01,2026-01-01,2026-12-31,month,,,,,,,,,,,unknown,UNKNOWN,False,False,2,0,,,,UNKNOWN,,Insufficient location data to estimate distance between these projects.,True,mixed,,,False,1.0,50.0,Available project schedules differ by about 1 year.,True,0.113,11.3,transmission; upgrade,100,15,True,65.0,HIGH
DUKE-P0246__TECO-66058,DUKE-P0246,Duke Energy Florida,Marion - Levy - Alachua Reliability Projects,transmission_upgrade,Construction,230,230,,,,,year,2027.0,Archer,Silver Springs North,29.557945,-82.505377,29.229345,-82.078411,29.393645,-82.291894,approximate_corridor,exact_substation_endpoints,HIGH,TECO-66058,Tampa Electric,Transmission Upgrades-69 kV-66058,transmission_upgrade,,69.0,69.0,69 kV,2026-01-01,2026-01-01,2026-12-31,month,,,,,,,,,,,unknown,UNKNOWN,False,False,2,0,,,,UNKNOWN,,Insufficient location data to estimate distance between these projects.,True,mixed,,,False,1.0,50.0,Available project schedules differ by about 1 year.,True,0.113,11.3,transmission; upgrade,100,15,True,65.0,HIGH
DUKE-P0246__TECO-66012,DUKE-P0246,Duke Energy Florida,Marion - Levy - Alachua Reliability Projects,transmission_upgrade,Construction,230,230,,,,,year,2027.0,Archer,Silver Springs North,29.557945,-82.505377,29.229345,-82.078411,29.393645,-82.291894,approximate_corridor,exact_substation_endpoints,HIGH,TECO-66012,Tampa Electric,Transmission Upgrades-69 kV-66012,transmission_upgrade,,69.0,69.0,69 kV,2026-01-01,2026-01-01,2026-12-31,month,,,,,,,,,,,unknown,UNKNOWN,False,False,2,0,,,,UNKNOWN,,Insufficient location data to estimate distance between these projects.,True,mixed,,,False,1.0,50.0,Available project schedules differ by about 1 year.,True,0.113,11.3,transmission; upgrade,100,15,True,65.0,HIGH
DUKE-P0246__TECO-138005,DUKE-P0246,Duke Energy Florida,Marion - Levy - Alachua Reliability Projects,transmission_upgrade,Construction,230,230,,,,,year,2027.0,Archer,Silver Springs North,29.557945,-82.505377,29.229345,-82.078411,29.393645,-82.291894,approximate_corridor,exact_substation_endpoints,HIGH,TECO-138005,Tampa Electric,Transmission Upgrades-138/230 kV-138005,transmission_upgrade,,138.0,230.0,138/230 kV,2026-01-01,2026-01-01,2026-12-31,month,,Ohio,Clearview,27.977163463000068,-82.49816320399998,27.954757651000023,-82.50206661099998,27.965960557000045,-82.50011490749998,approximate_corridor,exact_substation_endpoints,HIGH,True,True,2,2,90.19,destination,origin,HIGH,20.0,Known project endpoints are approximately 90.2 miles apart (Duke's Silver Springs North and TECO's Ohio).,True,mixed,,,False,1.0,50.0,Available project schedules differ by about 1 year.,True,0.0952,9.52,transmission; upgrade,100,100,True,100.0,HIGH
DUKE-P0246__TECO-66835,DUKE-P0246,Duke Energy Florida,Marion - Levy - Alachua Reliability Projects,transmission_upgrade,Construction,230,230,,,,,year,2027.0,Archer,Silver Springs North,29.557945,-82.505377,29.229345,-82.078411,29.393645,-82.291894,approximate_corridor,exact_substation_endpoints,HIGH,TECO-66835,Tampa Electric,Transmission Upgrades-69 kV-66835,transmission_upgrade,,69.0,69.0,69 kV,2026-01-01,2026-01-01,2026-12-31,month,,,,,,,,,,,unknown,UNKNOWN,False,False,2,0,,,,UNKNOWN,,Insufficient location data to estimate distance between these projects.,True,mixed,,,False,1.0,50.0,Available project schedules differ by about 1 year.,True,0.113,11.3,transmission; upgrade,100,15,True,65.0,HIGH
DUKE-P0246__TECO-SUB-first-street,DUKE-P0246,Duke Energy Florida,Marion - Levy - Alachua Reliability Projects,transmission_upgrade,Construction,230,230,,,,,year,2027.0,Archer,Silver Springs North,29.557945,-82.505377,29.229345,-82.078411,29.393645,-82.291894,approximate_corridor,exact_substation_endpoints,HIGH,TECO-SUB-first-street,Tampa Electric,Substation Extreme Weather Hardening - First Street,substation_hardening,,,,,2026-01-01,2026-06-01,2026-10-31,month,,First Street,,,,,,,,,unknown,UNKNOWN,False,False,2,0,,,,UNKNOWN,,Insufficient location data to estimate distance between these projects.,True,mixed,,,False,1.0,50.0,Available project schedules differ by about 1 year.,True,0.0,0.0,,0,,True,0.0,MEDIUM
DUKE-P0246__TECO-SUB-skyway,DUKE-P0246,Duke Energy Florida,Marion - Levy - Alachua Reliability Projects,transmission_upgrade,Construction,230,230,,,,,year,2027.0,Archer,Silver Springs North,29.557945,-82.505377,29.229345,-82.078411,29.393645,-82.291894,approximate_corridor,exact_substation_endpoints,HIGH,TECO-SUB-skyway,Tampa Electric,Substation Extreme Weather Hardening - Skyway,substation_hardening,,,,,2026-01-01,2026-06-01,2026-10-31,month,,Skyway,,27.977115643000047,-82.55019121599997,,,27.977115643000047,-82.55019121599997,point,single_substation,HIGH,True,True,2,1,91.13,destination,origin,HIGH,20.0,Known project endpoints are approximately 91.1 miles apart (Duke's Silver Springs North and TECO's Skyway).,True,mixed,,,False,1.0,50.0,Available project schedules differ by about 1 year.,True,0.0,0.0,,0,,True,0.0,MEDIUM
DUKE-P0246__TECO-SUB-lake-agnes,DUKE-P0246,Duke Energy Florida,Marion - Levy - Alachua Reliability Projects,transmission_upgrade,Construction,230,230,,,,,year,2027.0,Archer,Silver Springs North,29.557945,-82.505377,29.229345,-82.078411,29.393645,-82.291894,approximate_corridor,exact_substation_endpoints,HIGH,TECO-SUB-lake-agnes,Tampa Electric,Substation Extreme Weather Hardening - Lake Agnes,substation_hardening,,,,,2026-01-01,2026-06-01,2026-08-31,month,,Lake Agnes,,28.15503006600005,-81.82700854499996,,,28.15503006600005,-81.82700854499996,point,single_substation,HIGH,True,True,2,1,75.78,destination,origin,HIGH,20.0,Known project endpoints are approximately 75.8 miles apart (Duke's Silver Springs North and TECO's Lake Agnes).,True,mixed,,,False,1.0,50.0,Available project schedules differ by about 1 year.,True,0.0,0.0,,0,,True,0.0,MEDIUM
DUKE-P0246__TECO-SUB-trout-creek,DUKE-P0246,Duke Energy Florida,Marion - Levy - Alachua Reliability Projects,transmission_upgrade,Construction,230,230,,,,,year,2027.0,Archer,Silver Springs North,29.557945,-82.505377,29.229345,-82.078411,29.393645,-82.291894,approximate_corridor,exact_substation_endpoints,HIGH,TECO-SUB-trout-creek,Tampa Electric,Substation Extreme Weather Hardening - Trout Creek,substation_hardening,,,,,2026-01-01,2026-04-01,2026-07-31,month,,Trout Creek,,,,,,,,,unknown,UNKNOWN,False,False,2,0,,,,UNKNOWN,,Insufficient location data to estimate distance between these projects.,True,mixed,,,False,1.0,50.0,Available project schedules differ by about 1 year.,True,0.0,0.0,,0,,True,0.0,MEDIUM
DUKE-P0246__TECO-SUB-estuary,DUKE-P0246,Duke Energy Florida,Marion - Levy - Alachua Reliability Projects,transmission_upgrade,Construction,230,230,,,,,year,2027.0,Archer,Silver Springs North,29.557945,-82.505377,29.229345,-82.078411,29.393645,-82.291894,approximate_corridor,exact_substation_endpoints,HIGH,TECO-SUB-estuary,Tampa Electric,Substation Extreme Weather Hardening - Estuary,substation_hardening,,,,,2026-01-01,2026-06-01,2026-08-31,month,,Estuary,,,,,,,,,unknown,UNKNOWN,False,False,2,0,,,,UNKNOWN,,Insufficient location data to estimate distance between these projects.,True,mixed,,,False,1.0,50.0,Available project schedules differ by about 1 year.,True,0.0,0.0,,0,,True,0.0,MEDIUM
DUKE-P0288__TECO-66833,DUKE-P0288,Duke Energy Florida,North Central Florida Upgrade Project,transmission_upgrade,"Engineering, design, and routing",230,230,,,,,year,2028.0,Hamilton Solar,Killearn Tap,30.442726,-83.180835,30.58975,-84.259056,30.516238,-83.7199455,approximate_corridor,exact_substation_endpoints,HIGH,TECO-66833,Tampa Electric,Transmission Upgrades-69 kV-66833,transmission_upgrade,,69.0,69.0,69 kV,2026-01-01,2026-01-01,2026-12-31,month,,,,,,,,,,,unknown,UNKNOWN,False,False,2,0,,,,UNKNOWN,,Insufficient location data to estimate distance between these projects.,True,mixed,,,False,2.0,20.0,Available project schedules differ by about 2 years.,True,0.1646,16.46,upgrade; transmission,100,15,True,65.0,HIGH
DUKE-P0288__TECO-230037,DUKE-P0288,Duke Energy Florida,North Central Florida Upgrade Project,transmission_upgrade,"Engineering, design, and routing",230,230,,,,,year,2028.0,Hamilton Solar,Killearn Tap,30.442726,-83.180835,30.58975,-84.259056,30.516238,-83.7199455,approximate_corridor,exact_substation_endpoints,HIGH,TECO-230037,Tampa Electric,Transmission Upgrades-138/230 kV-230037,transmission_upgrade,,138.0,230.0,138/230 kV,2026-01-01,2026-01-01,2026-12-31,month,,Gannon,Juneau,27.93806919700006,-82.44013826299994,28.02284274300007,-82.48101535599994,27.980455970000065,-82.46057680949994,approximate_corridor,exact_substation_endpoints,HIGH,True,True,2,2,172.44,origin,destination,HIGH,0.0,Known project endpoints are approximately 172.4 miles apart (Duke's Hamilton Solar and TECO's Juneau).,True,mixed,,,False,2.0,20.0,Available project schedules differ by about 2 years.,True,0.1386,13.86,upgrade; transmission,100,100,True,100.0,HIGH
DUKE-P0288__TECO-66653,DUKE-P0288,Duke Energy Florida,North Central Florida Upgrade Project,transmission_upgrade,"Engineering, design, and routing",230,230,,,,,year,2028.0,Hamilton Solar,Killearn Tap,30.442726,-83.180835,30.58975,-84.259056,30.516238,-83.7199455,approximate_corridor,exact_substation_endpoints,HIGH,TECO-66653,Tampa Electric,Transmission Upgrades-69 kV-66653,transmission_upgrade,,69.0,69.0,69 kV,2026-01-01,2026-01-01,2026-12-31,month,,South Eloise,Sandhill,27.98724072400006,-81.74407045999999,,,27.98724072400006,-81.74407045999999,point,single_substation,MEDIUM,True,True,2,1,190.5,origin,origin,MEDIUM,0.0,Known project endpoints are approximately 190.5 miles apart (Duke's Hamilton Solar and TECO's South Eloise).,True,mixed,,,False,2.0,20.0,Available project schedules differ by about 2 years.,True,0.1646,16.46,upgrade; transmission,100,15,True,65.0,HIGH
DUKE-P0288__TECO-66004,DUKE-P0288,Duke Energy Florida,North Central Florida Upgrade Project,transmission_upgrade,"Engineering, design, and routing",230,230,,,,,year,2028.0,Hamilton Solar,Killearn Tap,30.442726,-83.180835,30.58975,-84.259056,30.516238,-83.7199455,approximate_corridor,exact_substation_endpoints,HIGH,TECO-66004,Tampa Electric,Transmission Upgrades-69 kV-66004,transmission_upgrade,,69.0,69.0,69 kV,2026-01-01,2026-01-01,2026-12-31,month,,,,,,,,,,,unknown,UNKNOWN,False,False,2,0,,,,UNKNOWN,,Insufficient location data to estimate distance between these projects.,True,mixed,,,False,2.0,20.0,Available project schedules differ by about 2 years.,True,0.1646,16.46,upgrade; transmission,100,15,True,65.0,HIGH
DUKE-P0288__TECO-66655,DUKE-P0288,Duke Energy Florida,North Central Florida Upgrade Project,transmission_upgrade,"Engineering, design, and routing",230,230,,,,,year,2028.0,Hamilton Solar,Killearn Tap,30.442726,-83.180835,30.58975,-84.259056,30.516238,-83.7199455,approximate_corridor,exact_substation_endpoints,HIGH,TECO-66655,Tampa Electric,Transmission Upgrades-69 kV-66655,transmission_upgrade,,69.0,69.0,69 kV,2026-01-01,2026-01-01,2026-12-31,month,,,,,,,,,,,unknown,UNKNOWN,False,False,2,0,,,,UNKNOWN,,Insufficient location data to estimate distance between these projects.,True,mixed,,,False,2.0,20.0,Available project schedules differ by about 2 years.,True,0.1646,16.46,upgrade; transmission,100,15,True,65.0,HIGH
DUKE-P0288__TECO-66831,DUKE-P0288,Duke Energy Florida,North Central Florida Upgrade Project,transmission_upgrade,"Engineering, design, and routing",230,230,,,,,year,2028.0,Hamilton Solar,Killearn Tap,30.442726,-83.180835,30.58975,-84.259056,30.516238,-83.7199455,approximate_corridor,exact_substation_endpoints,HIGH,TECO-66831,Tampa Electric,Transmission Upgrades-69 kV-66831,transmission_upgrade,,69.0,69.0,69 kV,2026-01-01,2026-01-01,2026-12-31,month,,,,,,,,,,,unknown,UNKNOWN,False,False,2,0,,,,UNKNOWN,,Insufficient location data to estimate distance between these projects.,True,mixed,,,False,2.0,20.0,Available project schedules differ by about 2 years.,True,0.1646,16.46,upgrade; transmission,100,15,True,65.0,HIGH
DUKE-P0288__TECO-66651,DUKE-P0288,Duke Energy Florida,North Central Florida Upgrade Project,transmission_upgrade,"Engineering, design, and routing",230,230,,,,,year,2028.0,Hamilton Solar,Killearn Tap,30.442726,-83.180835,30.58975,-84.259056,30.516238,-83.7199455,approximate_corridor,exact_substation_endpoints,HIGH,TECO-66651,Tampa Electric,Transmission Upgrades-69 kV-66651,transmission_upgrade,,69.0,69.0,69 kV,2026-01-01,2026-01-01,2026-12-31,month,,,,,,,,,,,unknown,UNKNOWN,False,False,2,0,,,,UNKNOWN,,Insufficient location data to estimate distance between these projects.,True,mixed,,,False,2.0,20.0,Available project schedules differ by about 2 years.,True,0.1646,16.46,upgrade; transmission,100,15,True,65.0,HIGH
DUKE-P0288__TECO-66058,DUKE-P0288,Duke Energy Florida,North Central Florida Upgrade Project,transmission_upgrade,"Engineering, design, and routing",230,230,,,,,year,2028.0,Hamilton Solar,Killearn Tap,30.442726,-83.180835,30.58975,-84.259056,30.516238,-83.7199455,approximate_corridor,exact_substation_endpoints,HIGH,TECO-66058,Tampa Electric,Transmission Upgrades-69 kV-66058,transmission_upgrade,,69.0,69.0,69 kV,2026-01-01,2026-01-01,2026-12-31,month,,,,,,,,,,,unknown,UNKNOWN,False,False,2,0,,,,UNKNOWN,,Insufficient location data to estimate distance between these projects.,True,mixed,,,False,2.0,20.0,Available project schedules differ by about 2 years.,True,0.1646,16.46,upgrade; transmission,100,15,True,65.0,HIGH
DUKE-P0288__TECO-66012,DUKE-P0288,Duke Energy Florida,North Central Florida Upgrade Project,transmission_upgrade,"Engineering, design, and routing",230,230,,,,,year,2028.0,Hamilton Solar,Killearn Tap,30.442726,-83.180835,30.58975,-84.259056,30.516238,-83.7199455,approximate_corridor,exact_substation_endpoints,HIGH,TECO-66012,Tampa Electric,Transmission Upgrades-69 kV-66012,transmission_upgrade,,69.0,69.0,69 kV,2026-01-01,2026-01-01,2026-12-31,month,,,,,,,,,,,unknown,UNKNOWN,False,False,2,0,,,,UNKNOWN,,Insufficient location data to estimate distance between these projects.,True,mixed,,,False,2.0,20.0,Available project schedules differ by about 2 years.,True,0.1646,16.46,upgrade; transmission,100,15,True,65.0,HIGH
DUKE-P0288__TECO-138005,DUKE-P0288,Duke Energy Florida,North Central Florida Upgrade Project,transmission_upgrade,"Engineering, design, and routing",230,230,,,,,year,2028.0,Hamilton Solar,Killearn Tap,30.442726,-83.180835,30.58975,-84.259056,30.516238,-83.7199455,approximate_corridor,exact_substation_endpoints,HIGH,TECO-138005,Tampa Electric,Transmission Upgrades-138/230 kV-138005,transmission_upgrade,,138.0,230.0,138/230 kV,2026-01-01,2026-01-01,2026-12-31,month,,Ohio,Clearview,27.977163463000068,-82.49816320399998,27.954757651000023,-82.50206661099998,27.965960557000045,-82.50011490749998,approximate_corridor,exact_substation_endpoints,HIGH,True,True,2,2,175.26,origin,origin,HIGH,0.0,Known project endpoints are approximately 175.3 miles apart (Duke's Hamilton Solar and TECO's Ohio).,True,mixed,,,False,2.0,20.0,Available project schedules differ by about 2 years.,True,0.1386,13.86,upgrade; transmission,100,100,True,100.0,HIGH
DUKE-P0288__TECO-66835,DUKE-P0288,Duke Energy Florida,North Central Florida Upgrade Project,transmission_upgrade,"Engineering, design, and routing",230,230,,,,,year,2028.0,Hamilton Solar,Killearn Tap,30.442726,-83.180835,30.58975,-84.259056,30.516238,-83.7199455,approximate_corridor,exact_substation_endpoints,HIGH,TECO-66835,Tampa Electric,Transmission Upgrades-69 kV-66835,transmission_upgrade,,69.0,69.0,69 kV,2026-01-01,2026-01-01,2026-12-31,month,,,,,,,,,,,unknown,UNKNOWN,False,False,2,0,,,,UNKNOWN,,Insufficient location data to estimate distance between these projects.,True,mixed,,,False,2.0,20.0,Available project schedules differ by about 2 years.,True,0.1646,16.46,upgrade; transmission,100,15,True,65.0,HIGH
DUKE-P0288__TECO-SUB-first-street,DUKE-P0288,Duke Energy Florida,North Central Florida Upgrade Project,transmission_upgrade,"Engineering, design, and routing",230,230,,,,,year,2028.0,Hamilton Solar,Killearn Tap,30.442726,-83.180835,30.58975,-84.259056,30.516238,-83.7199455,approximate_corridor,exact_substation_endpoints,HIGH,TECO-SUB-first-street,Tampa Electric,Substation Extreme Weather Hardening - First Street,substation_hardening,,,,,2026-01-01,2026-06-01,2026-10-31,month,,First Street,,,,,,,,,unknown,UNKNOWN,False,False,2,0,,,,UNKNOWN,,Insufficient location data to estimate distance between these projects.,True,mixed,,,False,2.0,20.0,Available project schedules differ by about 2 years.,True,0.0,0.0,,0,,True,0.0,MEDIUM
DUKE-P0288__TECO-SUB-skyway,DUKE-P0288,Duke Energy Florida,North Central Florida Upgrade Project,transmission_upgrade,"Engineering, design, and routing",230,230,,,,,year,2028.0,Hamilton Solar,Killearn Tap,30.442726,-83.180835,30.58975,-84.259056,30.516238,-83.7199455,approximate_corridor,exact_substation_endpoints,HIGH,TECO-SUB-skyway,Tampa Electric,Substation Extreme Weather Hardening - Skyway,substation_hardening,,,,,2026-01-01,2026-06-01,2026-10-31,month,,Skyway,,27.977115643000047,-82.55019121599997,,,27.977115643000047,-82.55019121599997,point,single_substation,HIGH,True,True,2,1,174.55,origin,origin,HIGH,0.0,Known project endpoints are approximately 174.5 miles apart (Duke's Hamilton Solar and TECO's Skyway).,True,mixed,,,False,2.0,20.0,Available project schedules differ by about 2 years.,True,0.0,0.0,,0,,True,0.0,MEDIUM
DUKE-P0288__TECO-SUB-lake-agnes,DUKE-P0288,Duke Energy Florida,North Central Florida Upgrade Project,transmission_upgrade,"Engineering, design, and routing",230,230,,,,,year,2028.0,Hamilton Solar,Killearn Tap,30.442726,-83.180835,30.58975,-84.259056,30.516238,-83.7199455,approximate_corridor,exact_substation_endpoints,HIGH,TECO-SUB-lake-agnes,Tampa Electric,Substation Extreme Weather Hardening - Lake Agnes,substation_hardening,,,,,2026-01-01,2026-06-01,2026-08-31,month,,Lake Agnes,,28.15503006600005,-81.82700854499996,,,28.15503006600005,-81.82700854499996,point,single_substation,HIGH,True,True,2,1,177.87,origin,origin,HIGH,0.0,Known project endpoints are approximately 177.9 miles apart (Duke's Hamilton Solar and TECO's Lake Agnes).,True,mixed,,,False,2.0,20.0,Available project schedules differ by about 2 years.,True,0.0,0.0,,0,,True,0.0,MEDIUM
DUKE-P0288__TECO-SUB-trout-creek,DUKE-P0288,Duke Energy Florida,North Central Florida Upgrade Project,transmission_upgrade,"Engineering, design, and routing",230,230,,,,,year,2028.0,Hamilton Solar,Killearn Tap,30.442726,-83.180835,30.58975,-84.259056,30.516238,-83.7199455,approximate_corridor,exact_substation_endpoints,HIGH,TECO-SUB-trout-creek,Tampa Electric,Substation Extreme Weather Hardening - Trout Creek,substation_hardening,,,,,2026-01-01,2026-04-01,2026-07-31,month,,Trout Creek,,,,,,,,,unknown,UNKNOWN,False,False,2,0,,,,UNKNOWN,,Insufficient location data to estimate distance between these projects.,True,mixed,,,False,2.0,20.0,Available project schedules differ by about 2 years.,True,0.0,0.0,,0,,True,0.0,MEDIUM
DUKE-P0288__TECO-SUB-estuary,DUKE-P0288,Duke Energy Florida,North Central Florida Upgrade Project,transmission_upgrade,"Engineering, design, and routing",230,230,,,,,year,2028.0,Hamilton Solar,Killearn Tap,30.442726,-83.180835,30.58975,-84.259056,30.516238,-83.7199455,approximate_corridor,exact_substation_endpoints,HIGH,TECO-SUB-estuary,Tampa Electric,Substation Extreme Weather Hardening - Estuary,substation_hardening,,,,,2026-01-01,2026-06-01,2026-08-31,month,,Estuary,,,,,,,,,unknown,UNKNOWN,False,False,2,0,,,,UNKNOWN,,Insufficient location data to estimate distance between these projects.,True,mixed,,,False,2.0,20.0,Available project schedules differ by about 2 years.,True,0.0,0.0,,0,,True,0.0,MEDIUM
DUKE-P0313__TECO-66833,DUKE-P0313,Duke Energy Florida,Osprey to Haines City 230 kV Line,transmission_line,Construction,230,230,,,,,year,2023.0,Osprey,Haines City East,28.054078,-81.80763,28.11978,-81.552183,28.086929,-81.6799065,approximate_corridor,exact_substation_endpoints,HIGH,TECO-66833,Tampa Electric,Transmission Upgrades-69 kV-66833,transmission_upgrade,,69.0,69.0,69 kV,2026-01-01,2026-01-01,2026-12-31,month,,,,,,,,,,,unknown,UNKNOWN,False,False,2,0,,,,UNKNOWN,,Insufficient location data to estimate distance between these projects.,True,mixed,,,False,3.0,20.0,Available project schedules differ by about 3 years.,True,0.1131,11.31,transmission; kv,0,15,True,6.18,HIGH
DUKE-P0313__TECO-230037,DUKE-P0313,Duke Energy Florida,Osprey to Haines City 230 kV Line,transmission_line,Construction,230,230,,,,,year,2023.0,Osprey,Haines City East,28.054078,-81.80763,28.11978,-81.552183,28.086929,-81.6799065,approximate_corridor,exact_substation_endpoints,HIGH,TECO-230037,Tampa Electric,Transmission Upgrades-138/230 kV-230037,transmission_upgrade,,138.0,230.0,138/230 kV,2026-01-01,2026-01-01,2026-12-31,month,,Gannon,Juneau,27.93806919700006,-82.44013826299994,28.02284274300007,-82.48101535599994,27.980455970000065,-82.46057680949994,approximate_corridor,exact_substation_endpoints,HIGH,True,True,2,2,39.41,origin,origin,HIGH,50.0,Known project endpoints are approximately 39.4 miles apart (Duke's Osprey and TECO's Gannon).,True,mixed,,,False,3.0,20.0,Available project schedules differ by about 3 years.,True,0.2054,20.54,230; transmission; kv,0,100,True,41.18,HIGH
DUKE-P0313__TECO-66653,DUKE-P0313,Duke Energy Florida,Osprey to Haines City 230 kV Line,transmission_line,Construction,230,230,,,,,year,2023.0,Osprey,Haines City East,28.054078,-81.80763,28.11978,-81.552183,28.086929,-81.6799065,approximate_corridor,exact_substation_endpoints,HIGH,TECO-66653,Tampa Electric,Transmission Upgrades-69 kV-66653,transmission_upgrade,,69.0,69.0,69 kV,2026-01-01,2026-01-01,2026-12-31,month,,South Eloise,Sandhill,27.98724072400006,-81.74407045999999,,,27.98724072400006,-81.74407045999999,point,single_substation,MEDIUM,True,True,2,1,6.03,origin,origin,MEDIUM,100.0,Known project endpoints are approximately 6.0 miles apart (Duke's Osprey and TECO's South Eloise).,True,mixed,,,False,3.0,20.0,Available project schedules differ by about 3 years.,True,0.1131,11.31,transmission; kv,0,15,True,6.18,HIGH
DUKE-P0313__TECO-66004,DUKE-P0313,Duke Energy Florida,Osprey to Haines City 230 kV Line,transmission_line,Construction,230,230,,,,,year,2023.0,Osprey,Haines City East,28.054078,-81.80763,28.11978,-81.552183,28.086929,-81.6799065,approximate_corridor,exact_substation_endpoints,HIGH,TECO-66004,Tampa Electric,Transmission Upgrades-69 kV-66004,transmission_upgrade,,69.0,69.0,69 kV,2026-01-01,2026-01-01,2026-12-31,month,,,,,,,,,,,unknown,UNKNOWN,False,False,2,0,,,,UNKNOWN,,Insufficient location data to estimate distance between these projects.,True,mixed,,,False,3.0,20.0,Available project schedules differ by about 3 years.,True,0.1131,11.31,transmission; kv,0,15,True,6.18,HIGH
DUKE-P0313__TECO-66655,DUKE-P0313,Duke Energy Florida,Osprey to Haines City 230 kV Line,transmission_line,Construction,230,230,,,,,year,2023.0,Osprey,Haines City East,28.054078,-81.80763,28.11978,-81.552183,28.086929,-81.6799065,approximate_corridor,exact_substation_endpoints,HIGH,TECO-66655,Tampa Electric,Transmission Upgrades-69 kV-66655,transmission_upgrade,,69.0,69.0,69 kV,2026-01-01,2026-01-01,2026-12-31,month,,,,,,,,,,,unknown,UNKNOWN,False,False,2,0,,,,UNKNOWN,,Insufficient location data to estimate distance between these projects.,True,mixed,,,False,3.0,20.0,Available project schedules differ by about 3 years.,True,0.1131,11.31,transmission; kv,0,15,True,6.18,HIGH
DUKE-P0313__TECO-66831,DUKE-P0313,Duke Energy Florida,Osprey to Haines City 230 kV Line,transmission_line,Construction,230,230,,,,,year,2023.0,Osprey,Haines City East,28.054078,-81.80763,28.11978,-81.552183,28.086929,-81.6799065,approximate_corridor,exact_substation_endpoints,HIGH,TECO-66831,Tampa Electric,Transmission Upgrades-69 kV-66831,transmission_upgrade,,69.0,69.0,69 kV,2026-01-01,2026-01-01,2026-12-31,month,,,,,,,,,,,unknown,UNKNOWN,False,False,2,0,,,,UNKNOWN,,Insufficient location data to estimate distance between these projects.,True,mixed,,,False,3.0,20.0,Available project schedules differ by about 3 years.,True,0.1131,11.31,transmission; kv,0,15,True,6.18,HIGH
DUKE-P0313__TECO-66651,DUKE-P0313,Duke Energy Florida,Osprey to Haines City 230 kV Line,transmission_line,Construction,230,230,,,,,year,2023.0,Osprey,Haines City East,28.054078,-81.80763,28.11978,-81.552183,28.086929,-81.6799065,approximate_corridor,exact_substation_endpoints,HIGH,TECO-66651,Tampa Electric,Transmission Upgrades-69 kV-66651,transmission_upgrade,,69.0,69.0,69 kV,2026-01-01,2026-01-01,2026-12-31,month,,,,,,,,,,,unknown,UNKNOWN,False,False,2,0,,,,UNKNOWN,,Insufficient location data to estimate distance between these projects.,True,mixed,,,False,3.0,20.0,Available project schedules differ by about 3 years.,True,0.1131,11.31,transmission; kv,0,15,True,6.18,HIGH
DUKE-P0313__TECO-66058,DUKE-P0313,Duke Energy Florida,Osprey to Haines City 230 kV Line,transmission_line,Construction,230,230,,,,,year,2023.0,Osprey,Haines City East,28.054078,-81.80763,28.11978,-81.552183,28.086929,-81.6799065,approximate_corridor,exact_substation_endpoints,HIGH,TECO-66058,Tampa Electric,Transmission Upgrades-69 kV-66058,transmission_upgrade,,69.0,69.0,69 kV,2026-01-01,2026-01-01,2026-12-31,month,,,,,,,,,,,unknown,UNKNOWN,False,False,2,0,,,,UNKNOWN,,Insufficient location data to estimate distance between these projects.,True,mixed,,,False,3.0,20.0,Available project schedules differ by about 3 years.,True,0.1131,11.31,transmission; kv,0,15,True,6.18,HIGH
DUKE-P0313__TECO-66012,DUKE-P0313,Duke Energy Florida,Osprey to Haines City 230 kV Line,transmission_line,Construction,230,230,,,,,year,2023.0,Osprey,Haines City East,28.054078,-81.80763,28.11978,-81.552183,28.086929,-81.6799065,approximate_corridor,exact_substation_endpoints,HIGH,TECO-66012,Tampa Electric,Transmission Upgrades-69 kV-66012,transmission_upgrade,,69.0,69.0,69 kV,2026-01-01,2026-01-01,2026-12-31,month,,,,,,,,,,,unknown,UNKNOWN,False,False,2,0,,,,UNKNOWN,,Insufficient location data to estimate distance between these projects.,True,mixed,,,False,3.0,20.0,Available project schedules differ by about 3 years.,True,0.1131,11.31,transmission; kv,0,15,True,6.18,HIGH
DUKE-P0313__TECO-138005,DUKE-P0313,Duke Energy Florida,Osprey to Haines City 230 kV Line,transmission_line,Construction,230,230,,,,,year,2023.0,Osprey,Haines City East,28.054078,-81.80763,28.11978,-81.552183,28.086929,-81.6799065,approximate_corridor,exact_substation_endpoints,HIGH,TECO-138005,Tampa Electric,Transmission Upgrades-138/230 kV-138005,transmission_upgrade,,138.0,230.0,138/230 kV,2026-01-01,2026-01-01,2026-12-31,month,,Ohio,Clearview,27.977163463000068,-82.49816320399998,27.954757651000023,-82.50206661099998,27.965960557000045,-82.50011490749998,approximate_corridor,exact_substation_endpoints,HIGH,True,True,2,2,42.45,origin,origin,HIGH,50.0,Known project endpoints are approximately 42.5 miles apart (Duke's Osprey and TECO's Ohio).,True,mixed,,,False,3.0,20.0,Available project schedules differ by about 3 years.,True,0.2054,20.54,230; transmission; kv,0,100,True,41.18,HIGH
DUKE-P0313__TECO-66835,DUKE-P0313,Duke Energy Florida,Osprey to Haines City 230 kV Line,transmission_line,Construction,230,230,,,,,year,2023.0,Osprey,Haines City East,28.054078,-81.80763,28.11978,-81.552183,28.086929,-81.6799065,approximate_corridor,exact_substation_endpoints,HIGH,TECO-66835,Tampa Electric,Transmission Upgrades-69 kV-66835,transmission_upgrade,,69.0,69.0,69 kV,2026-01-01,2026-01-01,2026-12-31,month,,,,,,,,,,,unknown,UNKNOWN,False,False,2,0,,,,UNKNOWN,,Insufficient location data to estimate distance between these projects.,True,mixed,,,False,3.0,20.0,Available project schedules differ by about 3 years.,True,0.1131,11.31,transmission; kv,0,15,True,6.18,HIGH
DUKE-P0313__TECO-SUB-first-street,DUKE-P0313,Duke Energy Florida,Osprey to Haines City 230 kV Line,transmission_line,Construction,230,230,,,,,year,2023.0,Osprey,Haines City East,28.054078,-81.80763,28.11978,-81.552183,28.086929,-81.6799065,approximate_corridor,exact_substation_endpoints,HIGH,TECO-SUB-first-street,Tampa Electric,Substation Extreme Weather Hardening - First Street,substation_hardening,,,,,2026-01-01,2026-06-01,2026-10-31,month,,First Street,,,,,,,,,unknown,UNKNOWN,False,False,2,0,,,,UNKNOWN,,Insufficient location data to estimate distance between these projects.,True,mixed,,,False,3.0,20.0,Available project schedules differ by about 3 years.,True,0.0,0.0,,0,,True,0.0,MEDIUM
DUKE-P0313__TECO-SUB-skyway,DUKE-P0313,Duke Energy Florida,Osprey to Haines City 230 kV Line,transmission_line,Construction,230,230,,,,,year,2023.0,Osprey,Haines City East,28.054078,-81.80763,28.11978,-81.552183,28.086929,-81.6799065,approximate_corridor,exact_substation_endpoints,HIGH,TECO-SUB-skyway,Tampa Electric,Substation Extreme Weather Hardening - Skyway,substation_hardening,,,,,2026-01-01,2026-06-01,2026-10-31,month,,Skyway,,27.977115643000047,-82.55019121599997,,,27.977115643000047,-82.55019121599997,point,single_substation,HIGH,True,True,2,1,45.61,origin,origin,HIGH,50.0,Known project endpoints are approximately 45.6 miles apart (Duke's Osprey and TECO's Skyway).,True,mixed,,,False,3.0,20.0,Available project schedules differ by about 3 years.,True,0.0,0.0,,0,,True,0.0,MEDIUM
DUKE-P0313__TECO-SUB-lake-agnes,DUKE-P0313,Duke Energy Florida,Osprey to Haines City 230 kV Line,transmission_line,Construction,230,230,,,,,year,2023.0,Osprey,Haines City East,28.054078,-81.80763,28.11978,-81.552183,28.086929,-81.6799065,approximate_corridor,exact_substation_endpoints,HIGH,TECO-SUB-lake-agnes,Tampa Electric,Substation Extreme Weather Hardening - Lake Agnes,substation_hardening,,,,,2026-01-01,2026-06-01,2026-08-31,month,,Lake Agnes,,28.15503006600005,-81.82700854499996,,,28.15503006600005,-81.82700854499996,point,single_substation,HIGH,True,True,2,1,7.07,origin,origin,HIGH,100.0,Known project endpoints are approximately 7.1 miles apart (Duke's Osprey and TECO's Lake Agnes).,True,mixed,,,False,3.0,20.0,Available project schedules differ by about 3 years.,True,0.0,0.0,,0,,True,0.0,MEDIUM
DUKE-P0313__TECO-SUB-trout-creek,DUKE-P0313,Duke Energy Florida,Osprey to Haines City 230 kV Line,transmission_line,Construction,230,230,,,,,year,2023.0,Osprey,Haines City East,28.054078,-81.80763,28.11978,-81.552183,28.086929,-81.6799065,approximate_corridor,exact_substation_endpoints,HIGH,TECO-SUB-trout-creek,Tampa Electric,Substation Extreme Weather Hardening - Trout Creek,substation_hardening,,,,,2026-01-01,2026-04-01,2026-07-31,month,,Trout Creek,,,,,,,,,unknown,UNKNOWN,False,False,2,0,,,,UNKNOWN,,Insufficient location data to estimate distance between these projects.,True,mixed,,,False,3.0,20.0,Available project schedules differ by about 3 years.,True,0.0,0.0,,0,,True,0.0,MEDIUM
DUKE-P0313__TECO-SUB-estuary,DUKE-P0313,Duke Energy Florida,Osprey to Haines City 230 kV Line,transmission_line,Construction,230,230,,,,,year,2023.0,Osprey,Haines City East,28.054078,-81.80763,28.11978,-81.552183,28.086929,-81.6799065,approximate_corridor,exact_substation_endpoints,HIGH,TECO-SUB-estuary,Tampa Electric,Substation Extreme Weather Hardening - Estuary,substation_hardening,,,,,2026-01-01,2026-06-01,2026-08-31,month,,Estuary,,,,,,,,,unknown,UNKNOWN,False,False,2,0,,,,UNKNOWN,,Insufficient location data to estimate distance between these projects.,True,mixed,,,False,3.0,20.0,Available project schedules differ by about 3 years.,True,0.0,0.0,,0,,True,0.0,MEDIUM
DUKE-P0314__TECO-66833,DUKE-P0314,Duke Energy Florida,Osprey to Kathleen 230 kV Line,transmission_line,Construction,230,230,,,,,year,2025.0,Osprey,Kathleen,28.054078,-81.80763,28.226723,-82.026802,28.1404005,-81.917216,approximate_corridor,exact_substation_endpoints,HIGH,TECO-66833,Tampa Electric,Transmission Upgrades-69 kV-66833,transmission_upgrade,,69.0,69.0,69 kV,2026-01-01,2026-01-01,2026-12-31,month,,,,,,,,,,,unknown,UNKNOWN,False,False,2,0,,,,UNKNOWN,,Insufficient location data to estimate distance between these projects.,True,mixed,,,False,1.0,50.0,Available project schedules differ by about 1 year.,True,0.1244,12.44,transmission; kv,0,15,True,6.18,HIGH
DUKE-P0314__TECO-230037,DUKE-P0314,Duke Energy Florida,Osprey to Kathleen 230 kV Line,transmission_line,Construction,230,230,,,,,year,2025.0,Osprey,Kathleen,28.054078,-81.80763,28.226723,-82.026802,28.1404005,-81.917216,approximate_corridor,exact_substation_endpoints,HIGH,TECO-230037,Tampa Electric,Transmission Upgrades-138/230 kV-230037,transmission_upgrade,,138.0,230.0,138/230 kV,2026-01-01,2026-01-01,2026-12-31,month,,Gannon,Juneau,27.93806919700006,-82.44013826299994,28.02284274300007,-82.48101535599994,27.980455970000065,-82.46057680949994,approximate_corridor,exact_substation_endpoints,HIGH,True,True,2,2,31.06,destination,destination,HIGH,50.0,Known project endpoints are approximately 31.1 miles apart (Duke's Kathleen and TECO's Juneau).,True,mixed,,,False,1.0,50.0,Available project schedules differ by about 1 year.,True,0.2258,22.58,230; transmission; kv,0,100,True,41.18,HIGH
DUKE-P0314__TECO-66653,DUKE-P0314,Duke Energy Florida,Osprey to Kathleen 230 kV Line,transmission_line,Construction,230,230,,,,,year,2025.0,Osprey,Kathleen,28.054078,-81.80763,28.226723,-82.026802,28.1404005,-81.917216,approximate_corridor,exact_substation_endpoints,HIGH,TECO-66653,Tampa Electric,Transmission Upgrades-69 kV-66653,transmission_upgrade,,69.0,69.0,69 kV,2026-01-01,2026-01-01,2026-12-31,month,,South Eloise,Sandhill,27.98724072400006,-81.74407045999999,,,27.98724072400006,-81.74407045999999,point,single_substation,MEDIUM,True,True,2,1,6.03,origin,origin,MEDIUM,100.0,Known project endpoints are approximately 6.0 miles apart (Duke's Osprey and TECO's South Eloise).,True,mixed,,,False,1.0,50.0,Available project schedules differ by about 1 year.,True,0.1244,12.44,transmission; kv,0,15,True,6.18,HIGH
DUKE-P0314__TECO-66004,DUKE-P0314,Duke Energy Florida,Osprey to Kathleen 230 kV Line,transmission_line,Construction,230,230,,,,,year,2025.0,Osprey,Kathleen,28.054078,-81.80763,28.226723,-82.026802,28.1404005,-81.917216,approximate_corridor,exact_substation_endpoints,HIGH,TECO-66004,Tampa Electric,Transmission Upgrades-69 kV-66004,transmission_upgrade,,69.0,69.0,69 kV,2026-01-01,2026-01-01,2026-12-31,month,,,,,,,,,,,unknown,UNKNOWN,False,False,2,0,,,,UNKNOWN,,Insufficient location data to estimate distance between these projects.,True,mixed,,,False,1.0,50.0,Available project schedules differ by about 1 year.,True,0.1244,12.44,transmission; kv,0,15,True,6.18,HIGH
DUKE-P0314__TECO-66655,DUKE-P0314,Duke Energy Florida,Osprey to Kathleen 230 kV Line,transmission_line,Construction,230,230,,,,,year,2025.0,Osprey,Kathleen,28.054078,-81.80763,28.226723,-82.026802,28.1404005,-81.917216,approximate_corridor,exact_substation_endpoints,HIGH,TECO-66655,Tampa Electric,Transmission Upgrades-69 kV-66655,transmission_upgrade,,69.0,69.0,69 kV,2026-01-01,2026-01-01,2026-12-31,month,,,,,,,,,,,unknown,UNKNOWN,False,False,2,0,,,,UNKNOWN,,Insufficient location data to estimate distance between these projects.,True,mixed,,,False,1.0,50.0,Available project schedules differ by about 1 year.,True,0.1244,12.44,transmission; kv,0,15,True,6.18,HIGH
DUKE-P0314__TECO-66831,DUKE-P0314,Duke Energy Florida,Osprey to Kathleen 230 kV Line,transmission_line,Construction,230,230,,,,,year,2025.0,Osprey,Kathleen,28.054078,-81.80763,28.226723,-82.026802,28.1404005,-81.917216,approximate_corridor,exact_substation_endpoints,HIGH,TECO-66831,Tampa Electric,Transmission Upgrades-69 kV-66831,transmission_upgrade,,69.0,69.0,69 kV,2026-01-01,2026-01-01,2026-12-31,month,,,,,,,,,,,unknown,UNKNOWN,False,False,2,0,,,,UNKNOWN,,Insufficient location data to estimate distance between these projects.,True,mixed,,,False,1.0,50.0,Available project schedules differ by about 1 year.,True,0.1244,12.44,transmission; kv,0,15,True,6.18,HIGH
DUKE-P0314__TECO-66651,DUKE-P0314,Duke Energy Florida,Osprey to Kathleen 230 kV Line,transmission_line,Construction,230,230,,,,,year,2025.0,Osprey,Kathleen,28.054078,-81.80763,28.226723,-82.026802,28.1404005,-81.917216,approximate_corridor,exact_substation_endpoints,HIGH,TECO-66651,Tampa Electric,Transmission Upgrades-69 kV-66651,transmission_upgrade,,69.0,69.0,69 kV,2026-01-01,2026-01-01,2026-12-31,month,,,,,,,,,,,unknown,UNKNOWN,False,False,2,0,,,,UNKNOWN,,Insufficient location data to estimate distance between these projects.,True,mixed,,,False,1.0,50.0,Available project schedules differ by about 1 year.,True,0.1244,12.44,transmission; kv,0,15,True,6.18,HIGH
DUKE-P0314__TECO-66058,DUKE-P0314,Duke Energy Florida,Osprey to Kathleen 230 kV Line,transmission_line,Construction,230,230,,,,,year,2025.0,Osprey,Kathleen,28.054078,-81.80763,28.226723,-82.026802,28.1404005,-81.917216,approximate_corridor,exact_substation_endpoints,HIGH,TECO-66058,Tampa Electric,Transmission Upgrades-69 kV-66058,transmission_upgrade,,69.0,69.0,69 kV,2026-01-01,2026-01-01,2026-12-31,month,,,,,,,,,,,unknown,UNKNOWN,False,False,2,0,,,,UNKNOWN,,Insufficient location data to estimate distance between these projects.,True,mixed,,,False,1.0,50.0,Available project schedules differ by about 1 year.,True,0.1244,12.44,transmission; kv,0,15,True,6.18,HIGH
DUKE-P0314__TECO-66012,DUKE-P0314,Duke Energy Florida,Osprey to Kathleen 230 kV Line,transmission_line,Construction,230,230,,,,,year,2025.0,Osprey,Kathleen,28.054078,-81.80763,28.226723,-82.026802,28.1404005,-81.917216,approximate_corridor,exact_substation_endpoints,HIGH,TECO-66012,Tampa Electric,Transmission Upgrades-69 kV-66012,transmission_upgrade,,69.0,69.0,69 kV,2026-01-01,2026-01-01,2026-12-31,month,,,,,,,,,,,unknown,UNKNOWN,False,False,2,0,,,,UNKNOWN,,Insufficient location data to estimate distance between these projects.,True,mixed,,,False,1.0,50.0,Available project schedules differ by about 1 year.,True,0.1244,12.44,transmission; kv,0,15,True,6.18,HIGH
DUKE-P0314__TECO-138005,DUKE-P0314,Duke Energy Florida,Osprey to Kathleen 230 kV Line,transmission_line,Construction,230,230,,,,,year,2025.0,Osprey,Kathleen,28.054078,-81.80763,28.226723,-82.026802,28.1404005,-81.917216,approximate_corridor,exact_substation_endpoints,HIGH,TECO-138005,Tampa Electric,Transmission Upgrades-138/230 kV-138005,transmission_upgrade,,138.0,230.0,138/230 kV,2026-01-01,2026-01-01,2026-12-31,month,,Ohio,Clearview,27.977163463000068,-82.49816320399998,27.954757651000023,-82.50206661099998,27.965960557000045,-82.50011490749998,approximate_corridor,exact_substation_endpoints,HIGH,True,True,2,2,33.51,destination,origin,HIGH,50.0,Known project endpoints are approximately 33.5 miles apart (Duke's Kathleen and TECO's Ohio).,True,mixed,,,False,1.0,50.0,Available project schedules differ by about 1 year.,True,0.2258,22.58,230; transmission; kv,0,100,True,41.18,HIGH
DUKE-P0314__TECO-66835,DUKE-P0314,Duke Energy Florida,Osprey to Kathleen 230 kV Line,transmission_line,Construction,230,230,,,,,year,2025.0,Osprey,Kathleen,28.054078,-81.80763,28.226723,-82.026802,28.1404005,-81.917216,approximate_corridor,exact_substation_endpoints,HIGH,TECO-66835,Tampa Electric,Transmission Upgrades-69 kV-66835,transmission_upgrade,,69.0,69.0,69 kV,2026-01-01,2026-01-01,2026-12-31,month,,,,,,,,,,,unknown,UNKNOWN,False,False,2,0,,,,UNKNOWN,,Insufficient location data to estimate distance between these projects.,True,mixed,,,False,1.0,50.0,Available project schedules differ by about 1 year.,True,0.1244,12.44,transmission; kv,0,15,True,6.18,HIGH
DUKE-P0314__TECO-SUB-first-street,DUKE-P0314,Duke Energy Florida,Osprey to Kathleen 230 kV Line,transmission_line,Construction,230,230,,,,,year,2025.0,Osprey,Kathleen,28.054078,-81.80763,28.226723,-82.026802,28.1404005,-81.917216,approximate_corridor,exact_substation_endpoints,HIGH,TECO-SUB-first-street,Tampa Electric,Substation Extreme Weather Hardening - First Street,substation_hardening,,,,,2026-01-01,2026-06-01,2026-10-31,month,,First Street,,,,,,,,,unknown,UNKNOWN,False,False,2,0,,,,UNKNOWN,,Insufficient location data to estimate distance between these projects.,True,mixed,,,False,1.0,50.0,Available project schedules differ by about 1 year.,True,0.0,0.0,,0,,True,0.0,MEDIUM
DUKE-P0314__TECO-SUB-skyway,DUKE-P0314,Duke Energy Florida,Osprey to Kathleen 230 kV Line,transmission_line,Construction,230,230,,,,,year,2025.0,Osprey,Kathleen,28.054078,-81.80763,28.226723,-82.026802,28.1404005,-81.917216,approximate_corridor,exact_substation_endpoints,HIGH,TECO-SUB-skyway,Tampa Electric,Substation Extreme Weather Hardening - Skyway,substation_hardening,,,,,2026-01-01,2026-06-01,2026-10-31,month,,Skyway,,27.977115643000047,-82.55019121599997,,,27.977115643000047,-82.55019121599997,point,single_substation,HIGH,True,True,2,1,36.26,destination,origin,HIGH,50.0,Known project endpoints are approximately 36.3 miles apart (Duke's Kathleen and TECO's Skyway).,True,mixed,,,False,1.0,50.0,Available project schedules differ by about 1 year.,True,0.0,0.0,,0,,True,0.0,MEDIUM
DUKE-P0314__TECO-SUB-lake-agnes,DUKE-P0314,Duke Energy Florida,Osprey to Kathleen 230 kV Line,transmission_line,Construction,230,230,,,,,year,2025.0,Osprey,Kathleen,28.054078,-81.80763,28.226723,-82.026802,28.1404005,-81.917216,approximate_corridor,exact_substation_endpoints,HIGH,TECO-SUB-lake-agnes,Tampa Electric,Substation Extreme Weather Hardening - Lake Agnes,substation_hardening,,,,,2026-01-01,2026-06-01,2026-08-31,month,,Lake Agnes,,28.15503006600005,-81.82700854499996,,,28.15503006600005,-81.82700854499996,point,single_substation,HIGH,True,True,2,1,7.07,origin,origin,HIGH,100.0,Known project endpoints are approximately 7.1 miles apart (Duke's Osprey and TECO's Lake Agnes).,True,mixed,,,False,1.0,50.0,Available project schedules differ by about 1 year.,True,0.0,0.0,,0,,True,0.0,MEDIUM
DUKE-P0314__TECO-SUB-trout-creek,DUKE-P0314,Duke Energy Florida,Osprey to Kathleen 230 kV Line,transmission_line,Construction,230,230,,,,,year,2025.0,Osprey,Kathleen,28.054078,-81.80763,28.226723,-82.026802,28.1404005,-81.917216,approximate_corridor,exact_substation_endpoints,HIGH,TECO-SUB-trout-creek,Tampa Electric,Substation Extreme Weather Hardening - Trout Creek,substation_hardening,,,,,2026-01-01,2026-04-01,2026-07-31,month,,Trout Creek,,,,,,,,,unknown,UNKNOWN,False,False,2,0,,,,UNKNOWN,,Insufficient location data to estimate distance between these projects.,True,mixed,,,False,1.0,50.0,Available project schedules differ by about 1 year.,True,0.0,0.0,,0,,True,0.0,MEDIUM
DUKE-P0314__TECO-SUB-estuary,DUKE-P0314,Duke Energy Florida,Osprey to Kathleen 230 kV Line,transmission_line,Construction,230,230,,,,,year,2025.0,Osprey,Kathleen,28.054078,-81.80763,28.226723,-82.026802,28.1404005,-81.917216,approximate_corridor,exact_substation_endpoints,HIGH,TECO-SUB-estuary,Tampa Electric,Substation Extreme Weather Hardening - Estuary,substation_hardening,,,,,2026-01-01,2026-06-01,2026-08-31,month,,Estuary,,,,,,,,,unknown,UNKNOWN,False,False,2,0,,,,UNKNOWN,,Insufficient location data to estimate distance between these projects.,True,mixed,,,False,1.0,50.0,Available project schedules differ by about 1 year.,True,0.0,0.0,,0,,True,0.0,MEDIUM
DUKE-P0320__TECO-66833,DUKE-P0320,Duke Energy Florida,Piedmont - Wekiva Transmission Reliability Enhancement Project,transmission_upgrade,,230,230,,,,,year,2026.0,Piedmont,Wekiva,28.672882,-81.455208,28.702444,-81.416959,28.687663,-81.4360835,approximate_corridor,exact_substation_endpoints,HIGH,TECO-66833,Tampa Electric,Transmission Upgrades-69 kV-66833,transmission_upgrade,,69.0,69.0,69 kV,2026-01-01,2026-01-01,2026-12-31,month,,,,,,,,,,,unknown,UNKNOWN,False,False,2,0,,,,UNKNOWN,,Insufficient location data to estimate distance between these projects.,True,mixed,,,True,0.0,80.0,Available project schedules indicate activity in the same year.,True,0.1765,17.65,transmission; upgrade,100,15,True,65.0,HIGH
DUKE-P0320__TECO-230037,DUKE-P0320,Duke Energy Florida,Piedmont - Wekiva Transmission Reliability Enhancement Project,transmission_upgrade,,230,230,,,,,year,2026.0,Piedmont,Wekiva,28.672882,-81.455208,28.702444,-81.416959,28.687663,-81.4360835,approximate_corridor,exact_substation_endpoints,HIGH,TECO-230037,Tampa Electric,Transmission Upgrades-138/230 kV-230037,transmission_upgrade,,138.0,230.0,138/230 kV,2026-01-01,2026-01-01,2026-12-31,month,,Gannon,Juneau,27.93806919700006,-82.44013826299994,28.02284274300007,-82.48101535599994,27.980455970000065,-82.46057680949994,approximate_corridor,exact_substation_endpoints,HIGH,True,True,2,2,76.86,origin,destination,HIGH,20.0,Known project endpoints are approximately 76.9 miles apart (Duke's Piedmont and TECO's Juneau).,True,mixed,,,True,0.0,80.0,Available project schedules indicate activity in the same year.,True,0.1486,14.86,transmission; upgrade,100,100,True,100.0,HIGH
DUKE-P0320__TECO-66653,DUKE-P0320,Duke Energy Florida,Piedmont - Wekiva Transmission Reliability Enhancement Project,transmission_upgrade,,230,230,,,,,year,2026.0,Piedmont,Wekiva,28.672882,-81.455208,28.702444,-81.416959,28.687663,-81.4360835,approximate_corridor,exact_substation_endpoints,HIGH,TECO-66653,Tampa Electric,Transmission Upgrades-69 kV-66653,transmission_upgrade,,69.0,69.0,69 kV,2026-01-01,2026-01-01,2026-12-31,month,,South Eloise,Sandhill,27.98724072400006,-81.74407045999999,,,27.98724072400006,-81.74407045999999,point,single_substation,MEDIUM,True,True,2,1,50.53,origin,origin,MEDIUM,20.0,Known project endpoints are approximately 50.5 miles apart (Duke's Piedmont and TECO's South Eloise).,True,mixed,,,True,0.0,80.0,Available project schedules indicate activity in the same year.,True,0.1765,17.65,transmission; upgrade,100,15,True,65.0,HIGH
DUKE-P0320__TECO-66004,DUKE-P0320,Duke Energy Florida,Piedmont - Wekiva Transmission Reliability Enhancement Project,transmission_upgrade,,230,230,,,,,year,2026.0,Piedmont,Wekiva,28.672882,-81.455208,28.702444,-81.416959,28.687663,-81.4360835,approximate_corridor,exact_substation_endpoints,HIGH,TECO-66004,Tampa Electric,Transmission Upgrades-69 kV-66004,transmission_upgrade,,69.0,69.0,69 kV,2026-01-01,2026-01-01,2026-12-31,month,,,,,,,,,,,unknown,UNKNOWN,False,False,2,0,,,,UNKNOWN,,Insufficient location data to estimate distance between these projects.,True,mixed,,,True,0.0,80.0,Available project schedules indicate activity in the same year.,True,0.1765,17.65,transmission; upgrade,100,15,True,65.0,HIGH
DUKE-P0320__TECO-66655,DUKE-P0320,Duke Energy Florida,Piedmont - Wekiva Transmission Reliability Enhancement Project,transmission_upgrade,,230,230,,,,,year,2026.0,Piedmont,Wekiva,28.672882,-81.455208,28.702444,-81.416959,28.687663,-81.4360835,approximate_corridor,exact_substation_endpoints,HIGH,TECO-66655,Tampa Electric,Transmission Upgrades-69 kV-66655,transmission_upgrade,,69.0,69.0,69 kV,2026-01-01,2026-01-01,2026-12-31,month,,,,,,,,,,,unknown,UNKNOWN,False,False,2,0,,,,UNKNOWN,,Insufficient location data to estimate distance between these projects.,True,mixed,,,True,0.0,80.0,Available project schedules indicate activity in the same year.,True,0.1765,17.65,transmission; upgrade,100,15,True,65.0,HIGH
DUKE-P0320__TECO-66831,DUKE-P0320,Duke Energy Florida,Piedmont - Wekiva Transmission Reliability Enhancement Project,transmission_upgrade,,230,230,,,,,year,2026.0,Piedmont,Wekiva,28.672882,-81.455208,28.702444,-81.416959,28.687663,-81.4360835,approximate_corridor,exact_substation_endpoints,HIGH,TECO-66831,Tampa Electric,Transmission Upgrades-69 kV-66831,transmission_upgrade,,69.0,69.0,69 kV,2026-01-01,2026-01-01,2026-12-31,month,,,,,,,,,,,unknown,UNKNOWN,False,False,2,0,,,,UNKNOWN,,Insufficient location data to estimate distance between these projects.,True,mixed,,,True,0.0,80.0,Available project schedules indicate activity in the same year.,True,0.1765,17.65,transmission; upgrade,100,15,True,65.0,HIGH
DUKE-P0320__TECO-66651,DUKE-P0320,Duke Energy Florida,Piedmont - Wekiva Transmission Reliability Enhancement Project,transmission_upgrade,,230,230,,,,,year,2026.0,Piedmont,Wekiva,28.672882,-81.455208,28.702444,-81.416959,28.687663,-81.4360835,approximate_corridor,exact_substation_endpoints,HIGH,TECO-66651,Tampa Electric,Transmission Upgrades-69 kV-66651,transmission_upgrade,,69.0,69.0,69 kV,2026-01-01,2026-01-01,2026-12-31,month,,,,,,,,,,,unknown,UNKNOWN,False,False,2,0,,,,UNKNOWN,,Insufficient location data to estimate distance between these projects.,True,mixed,,,True,0.0,80.0,Available project schedules indicate activity in the same year.,True,0.1765,17.65,transmission; upgrade,100,15,True,65.0,HIGH
DUKE-P0320__TECO-66058,DUKE-P0320,Duke Energy Florida,Piedmont - Wekiva Transmission Reliability Enhancement Project,transmission_upgrade,,230,230,,,,,year,2026.0,Piedmont,Wekiva,28.672882,-81.455208,28.702444,-81.416959,28.687663,-81.4360835,approximate_corridor,exact_substation_endpoints,HIGH,TECO-66058,Tampa Electric,Transmission Upgrades-69 kV-66058,transmission_upgrade,,69.0,69.0,69 kV,2026-01-01,2026-01-01,2026-12-31,month,,,,,,,,,,,unknown,UNKNOWN,False,False,2,0,,,,UNKNOWN,,Insufficient location data to estimate distance between these projects.,True,mixed,,,True,0.0,80.0,Available project schedules indicate activity in the same year.,True,0.1765,17.65,transmission; upgrade,100,15,True,65.0,HIGH
DUKE-P0320__TECO-66012,DUKE-P0320,Duke Energy Florida,Piedmont - Wekiva Transmission Reliability Enhancement Project,transmission_upgrade,,230,230,,,,,year,2026.0,Piedmont,Wekiva,28.672882,-81.455208,28.702444,-81.416959,28.687663,-81.4360835,approximate_corridor,exact_substation_endpoints,HIGH,TECO-66012,Tampa Electric,Transmission Upgrades-69 kV-66012,transmission_upgrade,,69.0,69.0,69 kV,2026-01-01,2026-01-01,2026-12-31,month,,,,,,,,,,,unknown,UNKNOWN,False,False,2,0,,,,UNKNOWN,,Insufficient location data to estimate distance between these projects.,True,mixed,,,True,0.0,80.0,Available project schedules indicate activity in the same year.,True,0.1765,17.65,transmission; upgrade,100,15,True,65.0,HIGH
DUKE-P0320__TECO-138005,DUKE-P0320,Duke Energy Florida,Piedmont - Wekiva Transmission Reliability Enhancement Project,transmission_upgrade,,230,230,,,,,year,2026.0,Piedmont,Wekiva,28.672882,-81.455208,28.702444,-81.416959,28.687663,-81.4360835,approximate_corridor,exact_substation_endpoints,HIGH,TECO-138005,Tampa Electric,Transmission Upgrades-138/230 kV-138005,transmission_upgrade,,138.0,230.0,138/230 kV,2026-01-01,2026-01-01,2026-12-31,month,,Ohio,Clearview,27.977163463000068,-82.49816320399998,27.954757651000023,-82.50206661099998,27.965960557000045,-82.50011490749998,approximate_corridor,exact_substation_endpoints,HIGH,True,True,2,2,79.59,origin,origin,HIGH,20.0,Known project endpoints are approximately 79.6 miles apart (Duke's Piedmont and TECO's Ohio).,True,mixed,,,True,0.0,80.0,Available project schedules indicate activity in the same year.,True,0.1486,14.86,transmission; upgrade,100,100,True,100.0,HIGH
DUKE-P0320__TECO-66835,DUKE-P0320,Duke Energy Florida,Piedmont - Wekiva Transmission Reliability Enhancement Project,transmission_upgrade,,230,230,,,,,year,2026.0,Piedmont,Wekiva,28.672882,-81.455208,28.702444,-81.416959,28.687663,-81.4360835,approximate_corridor,exact_substation_endpoints,HIGH,TECO-66835,Tampa Electric,Transmission Upgrades-69 kV-66835,transmission_upgrade,,69.0,69.0,69 kV,2026-01-01,2026-01-01,2026-12-31,month,,,,,,,,,,,unknown,UNKNOWN,False,False,2,0,,,,UNKNOWN,,Insufficient location data to estimate distance between these projects.,True,mixed,,,True,0.0,80.0,Available project schedules indicate activity in the same year.,True,0.1765,17.65,transmission; upgrade,100,15,True,65.0,HIGH
DUKE-P0320__TECO-SUB-first-street,DUKE-P0320,Duke Energy Florida,Piedmont - Wekiva Transmission Reliability Enhancement Project,transmission_upgrade,,230,230,,,,,year,2026.0,Piedmont,Wekiva,28.672882,-81.455208,28.702444,-81.416959,28.687663,-81.4360835,approximate_corridor,exact_substation_endpoints,HIGH,TECO-SUB-first-street,Tampa Electric,Substation Extreme Weather Hardening - First Street,substation_hardening,,,,,2026-01-01,2026-06-01,2026-10-31,month,,First Street,,,,,,,,,unknown,UNKNOWN,False,False,2,0,,,,UNKNOWN,,Insufficient location data to estimate distance between these projects.,True,mixed,,,True,0.0,80.0,Available project schedules indicate activity in the same year.,True,0.0,0.0,,0,,True,0.0,MEDIUM
DUKE-P0320__TECO-SUB-skyway,DUKE-P0320,Duke Energy Florida,Piedmont - Wekiva Transmission Reliability Enhancement Project,transmission_upgrade,,230,230,,,,,year,2026.0,Piedmont,Wekiva,28.672882,-81.455208,28.702444,-81.416959,28.687663,-81.4360835,approximate_corridor,exact_substation_endpoints,HIGH,TECO-SUB-skyway,Tampa Electric,Substation Extreme Weather Hardening - Skyway,substation_hardening,,,,,2026-01-01,2026-06-01,2026-10-31,month,,Skyway,,27.977115643000047,-82.55019121599997,,,27.977115643000047,-82.55019121599997,point,single_substation,HIGH,True,True,2,1,82.13,origin,origin,HIGH,20.0,Known project endpoints are approximately 82.1 miles apart (Duke's Piedmont and TECO's Skyway).,True,mixed,,,True,0.0,80.0,Available project schedules indicate activity in the same year.,True,0.0,0.0,,0,,True,0.0,MEDIUM
DUKE-P0320__TECO-SUB-lake-agnes,DUKE-P0320,Duke Energy Florida,Piedmont - Wekiva Transmission Reliability Enhancement Project,transmission_upgrade,,230,230,,,,,year,2026.0,Piedmont,Wekiva,28.672882,-81.455208,28.702444,-81.416959,28.687663,-81.4360835,approximate_corridor,exact_substation_endpoints,HIGH,TECO-SUB-lake-agnes,Tampa Electric,Substation Extreme Weather Hardening - Lake Agnes,substation_hardening,,,,,2026-01-01,2026-06-01,2026-08-31,month,,Lake Agnes,,28.15503006600005,-81.82700854499996,,,28.15503006600005,-81.82700854499996,point,single_substation,HIGH,True,True,2,1,42.32,origin,origin,HIGH,50.0,Known project endpoints are approximately 42.3 miles apart (Duke's Piedmont and TECO's Lake Agnes).,True,mixed,,,True,0.0,80.0,Available project schedules indicate activity in the same year.,True,0.0,0.0,,0,,True,0.0,MEDIUM
DUKE-P0320__TECO-SUB-trout-creek,DUKE-P0320,Duke Energy Florida,Piedmont - Wekiva Transmission Reliability Enhancement Project,transmission_upgrade,,230,230,,,,,year,2026.0,Piedmont,Wekiva,28.672882,-81.455208,28.702444,-81.416959,28.687663,-81.4360835,approximate_corridor,exact_substation_endpoints,HIGH,TECO-SUB-trout-creek,Tampa Electric,Substation Extreme Weather Hardening - Trout Creek,substation_hardening,,,,,2026-01-01,2026-04-01,2026-07-31,month,,Trout Creek,,,,,,,,,unknown,UNKNOWN,False,False,2,0,,,,UNKNOWN,,Insufficient location data to estimate distance between these projects.,True,mixed,,,True,0.0,80.0,Available project schedules indicate activity in the same year.,True,0.0,0.0,,0,,True,0.0,MEDIUM
DUKE-P0320__TECO-SUB-estuary,DUKE-P0320,Duke Energy Florida,Piedmont - Wekiva Transmission Reliability Enhancement Project,transmission_upgrade,,230,230,,,,,year,2026.0,Piedmont,Wekiva,28.672882,-81.455208,28.702444,-81.416959,28.687663,-81.4360835,approximate_corridor,exact_substation_endpoints,HIGH,TECO-SUB-estuary,Tampa Electric,Substation Extreme Weather Hardening - Estuary,substation_hardening,,,,,2026-01-01,2026-06-01,2026-08-31,month,,Estuary,,,,,,,,,unknown,UNKNOWN,False,False,2,0,,,,UNKNOWN,,Insufficient location data to estimate distance between these projects.,True,mixed,,,True,0.0,80.0,Available project schedules indicate activity in the same year.,True,0.0,0.0,,0,,True,0.0,MEDIUM
DUKE-P0429__TECO-66833,DUKE-P0429,Duke Energy Florida,Ross Praire to Shaw Transmission Project,transmission_line,"Engineering, design, and routing",230,230,,,,,year,2026.0,Ross Prairie,Red Oak Electric / Shaw,29.005192,-82.262092,29.145445,-82.183735,29.0753185,-82.2229135,approximate_corridor,exact_substation_endpoints,HIGH,TECO-66833,Tampa Electric,Transmission Upgrades-69 kV-66833,transmission_upgrade,,69.0,69.0,69 kV,2026-01-01,2026-01-01,2026-12-31,month,,,,,,,,,,,unknown,UNKNOWN,False,False,2,0,,,,UNKNOWN,,Insufficient location data to estimate distance between these projects.,True,mixed,,,True,0.0,80.0,Available project schedules indicate activity in the same year.,True,0.1352,13.52,transmission,0,15,True,6.18,HIGH
DUKE-P0429__TECO-230037,DUKE-P0429,Duke Energy Florida,Ross Praire to Shaw Transmission Project,transmission_line,"Engineering, design, and routing",230,230,,,,,year,2026.0,Ross Prairie,Red Oak Electric / Shaw,29.005192,-82.262092,29.145445,-82.183735,29.0753185,-82.2229135,approximate_corridor,exact_substation_endpoints,HIGH,TECO-230037,Tampa Electric,Transmission Upgrades-138/230 kV-230037,transmission_upgrade,,138.0,230.0,138/230 kV,2026-01-01,2026-01-01,2026-12-31,month,,Gannon,Juneau,27.93806919700006,-82.44013826299994,28.02284274300007,-82.48101535599994,27.980455970000065,-82.46057680949994,approximate_corridor,exact_substation_endpoints,HIGH,True,True,2,2,69.16,origin,destination,HIGH,20.0,Known project endpoints are approximately 69.2 miles apart (Duke's Ross Prairie and TECO's Juneau).,True,mixed,,,True,0.0,80.0,Available project schedules indicate activity in the same year.,True,0.1138,11.38,transmission,0,100,True,41.18,HIGH
DUKE-P0429__TECO-66653,DUKE-P0429,Duke Energy Florida,Ross Praire to Shaw Transmission Project,transmission_line,"Engineering, design, and routing",230,230,,,,,year,2026.0,Ross Prairie,Red Oak Electric / Shaw,29.005192,-82.262092,29.145445,-82.183735,29.0753185,-82.2229135,approximate_corridor,exact_substation_endpoints,HIGH,TECO-66653,Tampa Electric,Transmission Upgrades-69 kV-66653,transmission_upgrade,,69.0,69.0,69 kV,2026-01-01,2026-01-01,2026-12-31,month,,South Eloise,Sandhill,27.98724072400006,-81.74407045999999,,,27.98724072400006,-81.74407045999999,point,single_substation,MEDIUM,True,True,2,1,77.05,origin,origin,MEDIUM,20.0,Known project endpoints are approximately 77.0 miles apart (Duke's Ross Prairie and TECO's South Eloise).,True,mixed,,,True,0.0,80.0,Available project schedules indicate activity in the same year.,True,0.1352,13.52,transmission,0,15,True,6.18,HIGH
DUKE-P0429__TECO-66004,DUKE-P0429,Duke Energy Florida,Ross Praire to Shaw Transmission Project,transmission_line,"Engineering, design, and routing",230,230,,,,,year,2026.0,Ross Prairie,Red Oak Electric / Shaw,29.005192,-82.262092,29.145445,-82.183735,29.0753185,-82.2229135,approximate_corridor,exact_substation_endpoints,HIGH,TECO-66004,Tampa Electric,Transmission Upgrades-69 kV-66004,transmission_upgrade,,69.0,69.0,69 kV,2026-01-01,2026-01-01,2026-12-31,month,,,,,,,,,,,unknown,UNKNOWN,False,False,2,0,,,,UNKNOWN,,Insufficient location data to estimate distance between these projects.,True,mixed,,,True,0.0,80.0,Available project schedules indicate activity in the same year.,True,0.1352,13.52,transmission,0,15,True,6.18,HIGH
DUKE-P0429__TECO-66655,DUKE-P0429,Duke Energy Florida,Ross Praire to Shaw Transmission Project,transmission_line,"Engineering, design, and routing",230,230,,,,,year,2026.0,Ross Prairie,Red Oak Electric / Shaw,29.005192,-82.262092,29.145445,-82.183735,29.0753185,-82.2229135,approximate_corridor,exact_substation_endpoints,HIGH,TECO-66655,Tampa Electric,Transmission Upgrades-69 kV-66655,transmission_upgrade,,69.0,69.0,69 kV,2026-01-01,2026-01-01,2026-12-31,month,,,,,,,,,,,unknown,UNKNOWN,False,False,2,0,,,,UNKNOWN,,Insufficient location data to estimate distance between these projects.,True,mixed,,,True,0.0,80.0,Available project schedules indicate activity in the same year.,True,0.1352,13.52,transmission,0,15,True,6.18,HIGH
DUKE-P0429__TECO-66831,DUKE-P0429,Duke Energy Florida,Ross Praire to Shaw Transmission Project,transmission_line,"Engineering, design, and routing",230,230,,,,,year,2026.0,Ross Prairie,Red Oak Electric / Shaw,29.005192,-82.262092,29.145445,-82.183735,29.0753185,-82.2229135,approximate_corridor,exact_substation_endpoints,HIGH,TECO-66831,Tampa Electric,Transmission Upgrades-69 kV-66831,transmission_upgrade,,69.0,69.0,69 kV,2026-01-01,2026-01-01,2026-12-31,month,,,,,,,,,,,unknown,UNKNOWN,False,False,2,0,,,,UNKNOWN,,Insufficient location data to estimate distance between these projects.,True,mixed,,,True,0.0,80.0,Available project schedules indicate activity in the same year.,True,0.1352,13.52,transmission,0,15,True,6.18,HIGH
DUKE-P0429__TECO-66651,DUKE-P0429,Duke Energy Florida,Ross Praire to Shaw Transmission Project,transmission_line,"Engineering, design, and routing",230,230,,,,,year,2026.0,Ross Prairie,Red Oak Electric / Shaw,29.005192,-82.262092,29.145445,-82.183735,29.0753185,-82.2229135,approximate_corridor,exact_substation_endpoints,HIGH,TECO-66651,Tampa Electric,Transmission Upgrades-69 kV-66651,transmission_upgrade,,69.0,69.0,69 kV,2026-01-01,2026-01-01,2026-12-31,month,,,,,,,,,,,unknown,UNKNOWN,False,False,2,0,,,,UNKNOWN,,Insufficient location data to estimate distance between these projects.,True,mixed,,,True,0.0,80.0,Available project schedules indicate activity in the same year.,True,0.1352,13.52,transmission,0,15,True,6.18,HIGH
DUKE-P0429__TECO-66058,DUKE-P0429,Duke Energy Florida,Ross Praire to Shaw Transmission Project,transmission_line,"Engineering, design, and routing",230,230,,,,,year,2026.0,Ross Prairie,Red Oak Electric / Shaw,29.005192,-82.262092,29.145445,-82.183735,29.0753185,-82.2229135,approximate_corridor,exact_substation_endpoints,HIGH,TECO-66058,Tampa Electric,Transmission Upgrades-69 kV-66058,transmission_upgrade,,69.0,69.0,69 kV,2026-01-01,2026-01-01,2026-12-31,month,,,,,,,,,,,unknown,UNKNOWN,False,False,2,0,,,,UNKNOWN,,Insufficient location data to estimate distance between these projects.,True,mixed,,,True,0.0,80.0,Available project schedules indicate activity in the same year.,True,0.1352,13.52,transmission,0,15,True,6.18,HIGH
DUKE-P0429__TECO-66012,DUKE-P0429,Duke Energy Florida,Ross Praire to Shaw Transmission Project,transmission_line,"Engineering, design, and routing",230,230,,,,,year,2026.0,Ross Prairie,Red Oak Electric / Shaw,29.005192,-82.262092,29.145445,-82.183735,29.0753185,-82.2229135,approximate_corridor,exact_substation_endpoints,HIGH,TECO-66012,Tampa Electric,Transmission Upgrades-69 kV-66012,transmission_upgrade,,69.0,69.0,69 kV,2026-01-01,2026-01-01,2026-12-31,month,,,,,,,,,,,unknown,UNKNOWN,False,False,2,0,,,,UNKNOWN,,Insufficient location data to estimate distance between these projects.,True,mixed,,,True,0.0,80.0,Available project schedules indicate activity in the same year.,True,0.1352,13.52,transmission,0,15,True,6.18,HIGH
DUKE-P0429__TECO-138005,DUKE-P0429,Duke Energy Florida,Ross Praire to Shaw Transmission Project,transmission_line,"Engineering, design, and routing",230,230,,,,,year,2026.0,Ross Prairie,Red Oak Electric / Shaw,29.005192,-82.262092,29.145445,-82.183735,29.0753185,-82.2229135,approximate_corridor,exact_substation_endpoints,HIGH,TECO-138005,Tampa Electric,Transmission Upgrades-138/230 kV-138005,transmission_upgrade,,138.0,230.0,138/230 kV,2026-01-01,2026-01-01,2026-12-31,month,,Ohio,Clearview,27.977163463000068,-82.49816320399998,27.954757651000023,-82.50206661099998,27.965960557000045,-82.50011490749998,approximate_corridor,exact_substation_endpoints,HIGH,True,True,2,2,72.46,origin,origin,HIGH,20.0,Known project endpoints are approximately 72.5 miles apart (Duke's Ross Prairie and TECO's Ohio).,True,mixed,,,True,0.0,80.0,Available project schedules indicate activity in the same year.,True,0.1138,11.38,transmission,0,100,True,41.18,HIGH
DUKE-P0429__TECO-66835,DUKE-P0429,Duke Energy Florida,Ross Praire to Shaw Transmission Project,transmission_line,"Engineering, design, and routing",230,230,,,,,year,2026.0,Ross Prairie,Red Oak Electric / Shaw,29.005192,-82.262092,29.145445,-82.183735,29.0753185,-82.2229135,approximate_corridor,exact_substation_endpoints,HIGH,TECO-66835,Tampa Electric,Transmission Upgrades-69 kV-66835,transmission_upgrade,,69.0,69.0,69 kV,2026-01-01,2026-01-01,2026-12-31,month,,,,,,,,,,,unknown,UNKNOWN,False,False,2,0,,,,UNKNOWN,,Insufficient location data to estimate distance between these projects.,True,mixed,,,True,0.0,80.0,Available project schedules indicate activity in the same year.,True,0.1352,13.52,transmission,0,15,True,6.18,HIGH
DUKE-P0429__TECO-SUB-first-street,DUKE-P0429,Duke Energy Florida,Ross Praire to Shaw Transmission Project,transmission_line,"Engineering, design, and routing",230,230,,,,,year,2026.0,Ross Prairie,Red Oak Electric / Shaw,29.005192,-82.262092,29.145445,-82.183735,29.0753185,-82.2229135,approximate_corridor,exact_substation_endpoints,HIGH,TECO-SUB-first-street,Tampa Electric,Substation Extreme Weather Hardening - First Street,substation_hardening,,,,,2026-01-01,2026-06-01,2026-10-31,month,,First Street,,,,,,,,,unknown,UNKNOWN,False,False,2,0,,,,UNKNOWN,,Insufficient location data to estimate distance between these projects.,True,mixed,,,True,0.0,80.0,Available project schedules indicate activity in the same year.,True,0.0,0.0,,0,,True,0.0,MEDIUM
DUKE-P0429__TECO-SUB-skyway,DUKE-P0429,Duke Energy Florida,Ross Praire to Shaw Transmission Project,transmission_line,"Engineering, design, and routing",230,230,,,,,year,2026.0,Ross Prairie,Red Oak Electric / Shaw,29.005192,-82.262092,29.145445,-82.183735,29.0753185,-82.2229135,approximate_corridor,exact_substation_endpoints,HIGH,TECO-SUB-skyway,Tampa Electric,Substation Extreme Weather Hardening - Skyway,substation_hardening,,,,,2026-01-01,2026-06-01,2026-10-31,month,,Skyway,,27.977115643000047,-82.55019121599997,,,27.977115643000047,-82.55019121599997,point,single_substation,HIGH,True,True,2,1,73.16,origin,origin,HIGH,20.0,Known project endpoints are approximately 73.2 miles apart (Duke's Ross Prairie and TECO's Skyway).,True,mixed,,,True,0.0,80.0,Available project schedules indicate activity in the same year.,True,0.0,0.0,,0,,True,0.0,MEDIUM
DUKE-P0429__TECO-SUB-lake-agnes,DUKE-P0429,Duke Energy Florida,Ross Praire to Shaw Transmission Project,transmission_line,"Engineering, design, and routing",230,230,,,,,year,2026.0,Ross Prairie,Red Oak Electric / Shaw,29.005192,-82.262092,29.145445,-82.183735,29.0753185,-82.2229135,approximate_corridor,exact_substation_endpoints,HIGH,TECO-SUB-lake-agnes,Tampa Electric,Substation Extreme Weather Hardening - Lake Agnes,substation_hardening,,,,,2026-01-01,2026-06-01,2026-08-31,month,,Lake Agnes,,28.15503006600005,-81.82700854499996,,,28.15503006600005,-81.82700854499996,point,single_substation,HIGH,True,True,2,1,64.4,origin,origin,HIGH,20.0,Known project endpoints are approximately 64.4 miles apart (Duke's Ross Prairie and TECO's Lake Agnes).,True,mixed,,,True,0.0,80.0,Available project schedules indicate activity in the same year.,True,0.0,0.0,,0,,True,0.0,MEDIUM
DUKE-P0429__TECO-SUB-trout-creek,DUKE-P0429,Duke Energy Florida,Ross Praire to Shaw Transmission Project,transmission_line,"Engineering, design, and routing",230,230,,,,,year,2026.0,Ross Prairie,Red Oak Electric / Shaw,29.005192,-82.262092,29.145445,-82.183735,29.0753185,-82.2229135,approximate_corridor,exact_substation_endpoints,HIGH,TECO-SUB-trout-creek,Tampa Electric,Substation Extreme Weather Hardening - Trout Creek,substation_hardening,,,,,2026-01-01,2026-04-01,2026-07-31,month,,Trout Creek,,,,,,,,,unknown,UNKNOWN,False,False,2,0,,,,UNKNOWN,,Insufficient location data to estimate distance between these projects.,True,mixed,,,True,0.0,80.0,Available project schedules indicate activity in the same year.,True,0.0,0.0,,0,,True,0.0,MEDIUM
DUKE-P0429__TECO-SUB-estuary,DUKE-P0429,Duke Energy Florida,Ross Praire to Shaw Transmission Project,transmission_line,"Engineering, design, and routing",230,230,,,,,year,2026.0,Ross Prairie,Red Oak Electric / Shaw,29.005192,-82.262092,29.145445,-82.183735,29.0753185,-82.2229135,approximate_corridor,exact_substation_endpoints,HIGH,TECO-SUB-estuary,Tampa Electric,Substation Extreme Weather Hardening - Estuary,substation_hardening,,,,,2026-01-01,2026-06-01,2026-08-31,month,,Estuary,,,,,,,,,unknown,UNKNOWN,False,False,2,0,,,,UNKNOWN,,Insufficient location data to estimate distance between these projects.,True,mixed,,,True,0.0,80.0,Available project schedules indicate activity in the same year.,True,0.0,0.0,,0,,True,0.0,MEDIUM
DUKE-P0538__TECO-66833,DUKE-P0538,Duke Energy Florida,DeLand West - Dona Vista 230 kV,transmission_line,Permitting,230,230,,,,,year,2029.0,Deland West,Dona Vista,29.0149,-81.372157,28.876264,-81.69044,28.945582,-81.53129849999999,approximate_corridor,exact_substation_endpoints,HIGH,TECO-66833,Tampa Electric,Transmission Upgrades-69 kV-66833,transmission_upgrade,,69.0,69.0,69 kV,2026-01-01,2026-01-01,2026-12-31,month,,,,,,,,,,,unknown,UNKNOWN,False,False,2,0,,,,UNKNOWN,,Insufficient location data to estimate distance between these projects.,True,mixed,,,False,3.0,20.0,Available project schedules differ by about 3 years.,True,0.1203,12.03,transmission; kv,0,15,True,6.18,HIGH
DUKE-P0538__TECO-230037,DUKE-P0538,Duke Energy Florida,DeLand West - Dona Vista 230 kV,transmission_line,Permitting,230,230,,,,,year,2029.0,Deland West,Dona Vista,29.0149,-81.372157,28.876264,-81.69044,28.945582,-81.53129849999999,approximate_corridor,exact_substation_endpoints,HIGH,TECO-230037,Tampa Electric,Transmission Upgrades-138/230 kV-230037,transmission_upgrade,,138.0,230.0,138/230 kV,2026-01-01,2026-01-01,2026-12-31,month,,Gannon,Juneau,27.93806919700006,-82.44013826299994,28.02284274300007,-82.48101535599994,27.980455970000065,-82.46057680949994,approximate_corridor,exact_substation_endpoints,HIGH,True,True,2,2,76.05,destination,destination,HIGH,20.0,Known project endpoints are approximately 76.0 miles apart (Duke's Dona Vista and TECO's Juneau).,True,mixed,,,False,3.0,20.0,Available project schedules differ by about 3 years.,True,0.2184,21.84,230; transmission; kv,0,100,True,41.18,HIGH
DUKE-P0538__TECO-66653,DUKE-P0538,Duke Energy Florida,DeLand West - Dona Vista 230 kV,transmission_line,Permitting,230,230,,,,,year,2029.0,Deland West,Dona Vista,29.0149,-81.372157,28.876264,-81.69044,28.945582,-81.53129849999999,approximate_corridor,exact_substation_endpoints,HIGH,TECO-66653,Tampa Electric,Transmission Upgrades-69 kV-66653,transmission_upgrade,,69.0,69.0,69 kV,2026-01-01,2026-01-01,2026-12-31,month,,South Eloise,Sandhill,27.98724072400006,-81.74407045999999,,,27.98724072400006,-81.74407045999999,point,single_substation,MEDIUM,True,True,2,1,61.51,destination,origin,MEDIUM,20.0,Known project endpoints are approximately 61.5 miles apart (Duke's Dona Vista and TECO's South Eloise).,True,mixed,,,False,3.0,20.0,Available project schedules differ by about 3 years.,True,0.1203,12.03,transmission; kv,0,15,True,6.18,HIGH
DUKE-P0538__TECO-66004,DUKE-P0538,Duke Energy Florida,DeLand West - Dona Vista 230 kV,transmission_line,Permitting,230,230,,,,,year,2029.0,Deland West,Dona Vista,29.0149,-81.372157,28.876264,-81.69044,28.945582,-81.53129849999999,approximate_corridor,exact_substation_endpoints,HIGH,TECO-66004,Tampa Electric,Transmission Upgrades-69 kV-66004,transmission_upgrade,,69.0,69.0,69 kV,2026-01-01,2026-01-01,2026-12-31,month,,,,,,,,,,,unknown,UNKNOWN,False,False,2,0,,,,UNKNOWN,,Insufficient location data to estimate distance between these projects.,True,mixed,,,False,3.0,20.0,Available project schedules differ by about 3 years.,True,0.1203,12.03,transmission; kv,0,15,True,6.18,HIGH
DUKE-P0538__TECO-66655,DUKE-P0538,Duke Energy Florida,DeLand West - Dona Vista 230 kV,transmission_line,Permitting,230,230,,,,,year,2029.0,Deland West,Dona Vista,29.0149,-81.372157,28.876264,-81.69044,28.945582,-81.53129849999999,approximate_corridor,exact_substation_endpoints,HIGH,TECO-66655,Tampa Electric,Transmission Upgrades-69 kV-66655,transmission_upgrade,,69.0,69.0,69 kV,2026-01-01,2026-01-01,2026-12-31,month,,,,,,,,,,,unknown,UNKNOWN,False,False,2,0,,,,UNKNOWN,,Insufficient location data to estimate distance between these projects.,True,mixed,,,False,3.0,20.0,Available project schedules differ by about 3 years.,True,0.1203,12.03,transmission; kv,0,15,True,6.18,HIGH
DUKE-P0538__TECO-66831,DUKE-P0538,Duke Energy Florida,DeLand West - Dona Vista 230 kV,transmission_line,Permitting,230,230,,,,,year,2029.0,Deland West,Dona Vista,29.0149,-81.372157,28.876264,-81.69044,28.945582,-81.53129849999999,approximate_corridor,exact_substation_endpoints,HIGH,TECO-66831,Tampa Electric,Transmission Upgrades-69 kV-66831,transmission_upgrade,,69.0,69.0,69 kV,2026-01-01,2026-01-01,2026-12-31,month,,,,,,,,,,,unknown,UNKNOWN,False,False,2,0,,,,UNKNOWN,,Insufficient location data to estimate distance between these projects.,True,mixed,,,False,3.0,20.0,Available project schedules differ by about 3 years.,True,0.1203,12.03,transmission; kv,0,15,True,6.18,HIGH
DUKE-P0538__TECO-66651,DUKE-P0538,Duke Energy Florida,DeLand West - Dona Vista 230 kV,transmission_line,Permitting,230,230,,,,,year,2029.0,Deland West,Dona Vista,29.0149,-81.372157,28.876264,-81.69044,28.945582,-81.53129849999999,approximate_corridor,exact_substation_endpoints,HIGH,TECO-66651,Tampa Electric,Transmission Upgrades-69 kV-66651,transmission_upgrade,,69.0,69.0,69 kV,2026-01-01,2026-01-01,2026-12-31,month,,,,,,,,,,,unknown,UNKNOWN,False,False,2,0,,,,UNKNOWN,,Insufficient location data to estimate distance between these projects.,True,mixed,,,False,3.0,20.0,Available project schedules differ by about 3 years.,True,0.1203,12.03,transmission; kv,0,15,True,6.18,HIGH
DUKE-P0538__TECO-66058,DUKE-P0538,Duke Energy Florida,DeLand West - Dona Vista 230 kV,transmission_line,Permitting,230,230,,,,,year,2029.0,Deland West,Dona Vista,29.0149,-81.372157,28.876264,-81.69044,28.945582,-81.53129849999999,approximate_corridor,exact_substation_endpoints,HIGH,TECO-66058,Tampa Electric,Transmission Upgrades-69 kV-66058,transmission_upgrade,,69.0,69.0,69 kV,2026-01-01,2026-01-01,2026-12-31,month,,,,,,,,,,,unknown,UNKNOWN,False,False,2,0,,,,UNKNOWN,,Insufficient location data to estimate distance between these projects.,True,mixed,,,False,3.0,20.0,Available project schedules differ by about 3 years.,True,0.1203,12.03,transmission; kv,0,15,True,6.18,HIGH
DUKE-P0538__TECO-66012,DUKE-P0538,Duke Energy Florida,DeLand West - Dona Vista 230 kV,transmission_line,Permitting,230,230,,,,,year,2029.0,Deland West,Dona Vista,29.0149,-81.372157,28.876264,-81.69044,28.945582,-81.53129849999999,approximate_corridor,exact_substation_endpoints,HIGH,TECO-66012,Tampa Electric,Transmission Upgrades-69 kV-66012,transmission_upgrade,,69.0,69.0,69 kV,2026-01-01,2026-01-01,2026-12-31,month,,,,,,,,,,,unknown,UNKNOWN,False,False,2,0,,,,UNKNOWN,,Insufficient location data to estimate distance between these projects.,True,mixed,,,False,3.0,20.0,Available project schedules differ by about 3 years.,True,0.1203,12.03,transmission; kv,0,15,True,6.18,HIGH
DUKE-P0538__TECO-138005,DUKE-P0538,Duke Energy Florida,DeLand West - Dona Vista 230 kV,transmission_line,Permitting,230,230,,,,,year,2029.0,Deland West,Dona Vista,29.0149,-81.372157,28.876264,-81.69044,28.945582,-81.53129849999999,approximate_corridor,exact_substation_endpoints,HIGH,TECO-138005,Tampa Electric,Transmission Upgrades-138/230 kV-138005,transmission_upgrade,,138.0,230.0,138/230 kV,2026-01-01,2026-01-01,2026-12-31,month,,Ohio,Clearview,27.977163463000068,-82.49816320399998,27.954757651000023,-82.50206661099998,27.965960557000045,-82.50011490749998,approximate_corridor,exact_substation_endpoints,HIGH,True,True,2,2,79.17,destination,origin,HIGH,20.0,Known project endpoints are approximately 79.2 miles apart (Duke's Dona Vista and TECO's Ohio).,True,mixed,,,False,3.0,20.0,Available project schedules differ by about 3 years.,True,0.2184,21.84,230; transmission; kv,0,100,True,41.18,HIGH
DUKE-P0538__TECO-66835,DUKE-P0538,Duke Energy Florida,DeLand West - Dona Vista 230 kV,transmission_line,Permitting,230,230,,,,,year,2029.0,Deland West,Dona Vista,29.0149,-81.372157,28.876264,-81.69044,28.945582,-81.53129849999999,approximate_corridor,exact_substation_endpoints,HIGH,TECO-66835,Tampa Electric,Transmission Upgrades-69 kV-66835,transmission_upgrade,,69.0,69.0,69 kV,2026-01-01,2026-01-01,2026-12-31,month,,,,,,,,,,,unknown,UNKNOWN,False,False,2,0,,,,UNKNOWN,,Insufficient location data to estimate distance between these projects.,True,mixed,,,False,3.0,20.0,Available project schedules differ by about 3 years.,True,0.1203,12.03,transmission; kv,0,15,True,6.18,HIGH
DUKE-P0538__TECO-SUB-first-street,DUKE-P0538,Duke Energy Florida,DeLand West - Dona Vista 230 kV,transmission_line,Permitting,230,230,,,,,year,2029.0,Deland West,Dona Vista,29.0149,-81.372157,28.876264,-81.69044,28.945582,-81.53129849999999,approximate_corridor,exact_substation_endpoints,HIGH,TECO-SUB-first-street,Tampa Electric,Substation Extreme Weather Hardening - First Street,substation_hardening,,,,,2026-01-01,2026-06-01,2026-10-31,month,,First Street,,,,,,,,,unknown,UNKNOWN,False,False,2,0,,,,UNKNOWN,,Insufficient location data to estimate distance between these projects.,True,mixed,,,False,3.0,20.0,Available project schedules differ by about 3 years.,True,0.0,0.0,,0,,True,0.0,MEDIUM
DUKE-P0538__TECO-SUB-skyway,DUKE-P0538,Duke Energy Florida,DeLand West - Dona Vista 230 kV,transmission_line,Permitting,230,230,,,,,year,2029.0,Deland West,Dona Vista,29.0149,-81.372157,28.876264,-81.69044,28.945582,-81.53129849999999,approximate_corridor,exact_substation_endpoints,HIGH,TECO-SUB-skyway,Tampa Electric,Substation Extreme Weather Hardening - Skyway,substation_hardening,,,,,2026-01-01,2026-06-01,2026-10-31,month,,Skyway,,27.977115643000047,-82.55019121599997,,,27.977115643000047,-82.55019121599997,point,single_substation,HIGH,True,True,2,1,81.17,destination,origin,HIGH,20.0,Known project endpoints are approximately 81.2 miles apart (Duke's Dona Vista and TECO's Skyway).,True,mixed,,,False,3.0,20.0,Available project schedules differ by about 3 years.,True,0.0,0.0,,0,,True,0.0,MEDIUM
DUKE-P0538__TECO-SUB-lake-agnes,DUKE-P0538,Duke Energy Florida,DeLand West - Dona Vista 230 kV,transmission_line,Permitting,230,230,,,,,year,2029.0,Deland West,Dona Vista,29.0149,-81.372157,28.876264,-81.69044,28.945582,-81.53129849999999,approximate_corridor,exact_substation_endpoints,HIGH,TECO-SUB-lake-agnes,Tampa Electric,Substation Extreme Weather Hardening - Lake Agnes,substation_hardening,,,,,2026-01-01,2026-06-01,2026-08-31,month,,Lake Agnes,,28.15503006600005,-81.82700854499996,,,28.15503006600005,-81.82700854499996,point,single_substation,HIGH,True,True,2,1,50.52,destination,origin,HIGH,20.0,Known project endpoints are approximately 50.5 miles apart (Duke's Dona Vista and TECO's Lake Agnes).,True,mixed,,,False,3.0,20.0,Available project schedules differ by about 3 years.,True,0.0,0.0,,0,,True,0.0,MEDIUM
DUKE-P0538__TECO-SUB-trout-creek,DUKE-P0538,Duke Energy Florida,DeLand West - Dona Vista 230 kV,transmission_line,Permitting,230,230,,,,,year,2029.0,Deland West,Dona Vista,29.0149,-81.372157,28.876264,-81.69044,28.945582,-81.53129849999999,approximate_corridor,exact_substation_endpoints,HIGH,TECO-SUB-trout-creek,Tampa Electric,Substation Extreme Weather Hardening - Trout Creek,substation_hardening,,,,,2026-01-01,2026-04-01,2026-07-31,month,,Trout Creek,,,,,,,,,unknown,UNKNOWN,False,False,2,0,,,,UNKNOWN,,Insufficient location data to estimate distance between these projects.,True,mixed,,,False,3.0,20.0,Available project schedules differ by about 3 years.,True,0.0,0.0,,0,,True,0.0,MEDIUM
DUKE-P0538__TECO-SUB-estuary,DUKE-P0538,Duke Energy Florida,DeLand West - Dona Vista 230 kV,transmission_line,Permitting,230,230,,,,,year,2029.0,Deland West,Dona Vista,29.0149,-81.372157,28.876264,-81.69044,28.945582,-81.53129849999999,approximate_corridor,exact_substation_endpoints,HIGH,TECO-SUB-estuary,Tampa Electric,Substation Extreme Weather Hardening - Estuary,substation_hardening,,,,,2026-01-01,2026-06-01,2026-08-31,month,,Estuary,,,,,,,,,unknown,UNKNOWN,False,False,2,0,,,,UNKNOWN,,Insufficient location data to estimate distance between these projects.,True,mixed,,,False,3.0,20.0,Available project schedules differ by about 3 years.,True,0.0,0.0,,0,,True,0.0,MEDIUM
